単語,和訳,難易度,品詞,文脈,動画URL,動画タイトル,事務所,キャスト名
Wanna,～したい（want to の口語的短縮形）,初級,フレーズ,Wanna go get...,https://youtu.be/OLQi4EiMY7Q,ラーメン屋POVロールプレイで暴走するビブー,ホロライブ,古石ビジュー
excited,興奮した、ワクワクした,初級,形容詞,I was so excited.,https://youtu.be/OLQi4EiMY7Q,ラーメン屋POVロールプレイで暴走するビブー,ホロライブ,古石ビジュー
take off,脱ぐ、取り外す,初級,句動詞,I took my jacket off.,https://youtu.be/OLQi4EiMY7Q,ラーメン屋POVロールプレイで暴走するビブー,ホロライブ,古石ビジュー
POV,一人称視点、視点（Point of Viewの略）,上級,名詞,"Come on, you're a POV.",https://youtu.be/OLQi4EiMY7Q,ラーメン屋POVロールプレイで暴走するビブー,ホロライブ,古石ビジュー
serving,（食事を）出す、給仕する,中級,動詞,You're the one serving me ramen.,https://youtu.be/OLQi4EiMY7Q,ラーメン屋POVロールプレイで暴走するビブー,ホロライブ,古石ビジュー
payment,支払い,初級,名詞,What for a payment?,https://youtu.be/OLQi4EiMY7Q,ラーメン屋POVロールプレイで暴走するビブー,ホロライブ,古石ビジュー
for free,無料で,初級,フレーズ,so you will give it to me for free.,https://youtu.be/OLQi4EiMY7Q,ラーメン屋POVロールプレイで暴走するビブー,ホロライブ,古石ビジュー
delicious,おいしい,初級,形容詞,"Oh, delicious.",https://youtu.be/OLQi4EiMY7Q,ラーメン屋POVロールプレイで暴走するビブー,ホロライブ,古石ビジュー
meal,食事,初級,名詞,Thank you for the meal.,https://youtu.be/OLQi4EiMY7Q,ラーメン屋POVロールプレイで暴走するビブー,ホロライブ,古石ビジュー
actual,実際の、本当の,中級,形容詞,You don't want to come get actual ramen with me?,https://youtu.be/OLQi4EiMY7Q,ラーメン屋POVロールプレイで暴走するビブー,ホロライブ,古石ビジュー
unarmed,非武装の、武器を持っていない,中級,形容詞,"Look, I'm unarmed.",https://youtu.be/OLQi4EiMY7Q,ラーメン屋POVロールプレイで暴走するビブー,ホロライブ,古石ビジュー
sketchy,怪しい、いかがわしい,上級,形容詞,I should be more sketchy.,https://youtu.be/OLQi4EiMY7Q,ラーメン屋POVロールプレイで暴走するビブー,ホロライブ,古石ビジュー
famished,ひどく空腹の、飢えている,上級,形容詞,And I'm quite famished.,https://youtu.be/OLQi4EiMY7Q,ラーメン屋POVロールプレイで暴走するビブー,ホロライブ,古石ビジュー
quite,かなり、ずいぶん,中級,副詞,And I'm quite famished.,https://youtu.be/OLQi4EiMY7Q,ラーメン屋POVロールプレイで暴走するビブー,ホロライブ,古石ビジュー
be so kind,親切にも～する（Would you be so kind as to... の一部）,上級,フレーズ,Would you be so kind into making me some delicious sustenance,https://youtu.be/OLQi4EiMY7Q,ラーメン屋POVロールプレイで暴走するビブー,ホロライブ,古石ビジュー
sustenance,栄養物、食べ物（フォーマルな表現）,上級,名詞,making me some delicious sustenance,https://youtu.be/OLQi4EiMY7Q,ラーメン屋POVロールプレイで暴走するビブー,ホロライブ,古石ビジュー
How about now?,今度はどう？、今はどうか？,初級,フレーズ,How about now?,https://youtu.be/OLQi4EiMY7Q,ラーメン屋POVロールプレイで暴走するビブー,ホロライブ,古石ビジュー
Hold on,ちょっと待って,初級,句動詞,Hold on. Maybe I know why.,https://youtu.be/OLQi4EiMY7Q,ラーメン屋POVロールプレイで暴走するビブー,ホロライブ,古石ビジュー
debut,デビューする,中級,動詞,I debuted my 2D model,https://youtu.be/U-b6Fi_pHIQ,デビュー時の伏線、ついに回収。剣を抜いたビブー,ホロライブ,古石ビジュー
model,モデル、模型,中級,名詞,my 2D model,https://youtu.be/U-b6Fi_pHIQ,デビュー時の伏線、ついに回収。剣を抜いたビブー,ホロライブ,古石ビジュー
all this time,この間ずっと,中級,フレーズ,I believed you all this time,https://youtu.be/U-b6Fi_pHIQ,デビュー時の伏線、ついに回収。剣を抜いたビブー,ホロライブ,古石ビジュー
pull out,引き抜く、取り出す,中級,句動詞,you could pull out your sword,https://youtu.be/U-b6Fi_pHIQ,デビュー時の伏線、ついに回収。剣を抜いたビブー,ホロライブ,古石ビジュー
make fun of,～をからかう、馬鹿にする,中級,慣用句,when you made fun of me,https://youtu.be/U-b6Fi_pHIQ,デビュー時の伏線、ついに回収。剣を抜いたビブー,ホロライブ,古石ビジュー
take out,取り出す、持ち出す,中級,句動詞,not being able to take it out,https://youtu.be/U-b6Fi_pHIQ,デビュー時の伏線、ついに回収。剣を抜いたビブー,ホロライブ,古石ビジュー
handle,（上手く）対処する,中級,動詞,I don't know if you can handle this,https://youtu.be/U-b6Fi_pHIQ,デビュー時の伏線、ついに回収。剣を抜いたビブー,ホロライブ,古石ビジュー
if you can handle this,これ、君に扱えるかな／君にできるかな (挑戦的なニュアンス),上級,フレーズ,I don't know if you can handle this,https://youtu.be/U-b6Fi_pHIQ,デビュー時の伏線、ついに回収。剣を抜いたビブー,ホロライブ,古石ビジュー
bro,兄ちゃん、お前 (親しい男性への呼びかけ),上級,名詞,"Take out my sword, bro",https://youtu.be/U-b6Fi_pHIQ,デビュー時の伏線、ついに回収。剣を抜いたビブー,ホロライブ,古石ビジュー
check out,～を見る、チェックする,中級,句動詞,Check out my katana,https://youtu.be/U-b6Fi_pHIQ,デビュー時の伏線、ついに回収。剣を抜いたビブー,ホロライブ,古石ビジュー
blade,刃、刀身,中級,名詞,check out this blade,https://youtu.be/U-b6Fi_pHIQ,デビュー時の伏線、ついに回収。剣を抜いたビブー,ホロライブ,古石ビジュー
shaky hands,手が震える、震える手,中級,フレーズ,I got shaky hands,https://youtu.be/U-b6Fi_pHIQ,デビュー時の伏線、ついに回収。剣を抜いたビブー,ホロライブ,古石ビジュー
challenge,挑む、挑戦する,中級,動詞,I challenge you to a duel,https://youtu.be/U-b6Fi_pHIQ,デビュー時の伏線、ついに回収。剣を抜いたビブー,ホロライブ,古石ビジュー
duel,決闘,上級,名詞,to a duel,https://youtu.be/U-b6Fi_pHIQ,デビュー時の伏線、ついに回収。剣を抜いたビブー,ホロライブ,古石ビジュー
come over,立ち寄る、(人の家などに)来る,中級,句動詞,"You know what's even worse, come over here",https://youtu.be/U-b6Fi_pHIQ,デビュー時の伏線、ついに回収。剣を抜いたビブー,ホロライブ,古石ビジュー
go over,(ある場所へ)行く、移動する,中級,句動詞,we're gonna go over into this alley,https://youtu.be/U-b6Fi_pHIQ,デビュー時の伏線、ついに回収。剣を抜いたビブー,ホロライブ,古石ビジュー
alley,路地、横町,初級,名詞,we're gonna go over into this alley,https://youtu.be/U-b6Fi_pHIQ,デビュー時の伏線、ついに回収。剣を抜いたビブー,ホロライブ,古石ビジュー
rob,強奪する、奪う,初級,動詞,Or I'm gonna rob you,https://youtu.be/U-b6Fi_pHIQ,デビュー時の伏線、ついに回収。剣を抜いたビブー,ホロライブ,古石ビジュー
epic,すごい、壮大な、神がかった,中級,形容詞,"So epic, ready",https://youtu.be/U-b6Fi_pHIQ,デビュー時の伏線、ついに回収。剣を抜いたビブー,ホロライブ,古石ビジュー
actually,実際に、本当に、実は,中級,副詞,you can actually play this game over here,https://youtu.be/U-b6Fi_pHIQ,デビュー時の伏線、ついに回収。剣を抜いたビブー,ホロライブ,古石ビジュー
ultimate,究極の、最高の,上級,形容詞,now I am the ultimate life form,https://youtu.be/U-b6Fi_pHIQ,デビュー時の伏線、ついに回収。剣を抜いたビブー,ホロライブ,古石ビジュー
scheduled,予定された、スケジュールの,中級,形容詞,If the scheduled tweet,https://youtu.be/U-b6Fi_pHIQ,デビュー時の伏線、ついに回収。剣を抜いたビブー,ホロライブ,古石ビジュー
anyway,とにかく、いずれにしても,中級,副詞,"Anyway, you wanna watch me",https://youtu.be/U-b6Fi_pHIQ,デビュー時の伏線、ついに回収。剣を抜いたビブー,ホロライブ,古石ビジュー
here we go,さあ、始めるぞ！,初級,フレーズ,"Okay, here we go",https://youtu.be/U-b6Fi_pHIQ,デビュー時の伏線、ついに回収。剣を抜いたビブー,ホロライブ,古石ビジュー
there we go,よし、うまくいった！／これで完了だ！,初級,フレーズ,"Yes, yes, there we go",https://youtu.be/U-b6Fi_pHIQ,デビュー時の伏線、ついに回収。剣を抜いたビブー,ホロライブ,古石ビジュー
aiming,狙いを定めること、照準,中級,名詞,I'm the best at aiming,https://youtu.be/U-b6Fi_pHIQ,デビュー時の伏線、ついに回収。剣を抜いたビブー,ホロライブ,古石ビジュー
watch out,気をつける、注意する,初級,句動詞,"Better watch out, I got two weapons",https://youtu.be/U-b6Fi_pHIQ,デビュー時の伏線、ついに回収。剣を抜いたビブー,ホロライブ,古石ビジュー
weapon,武器,初級,名詞,I got two weapons,https://youtu.be/U-b6Fi_pHIQ,デビュー時の伏線、ついに回収。剣を抜いたビブー,ホロライブ,古石ビジュー
actually,実は、実際に,中級,副詞,"Actually, no, I don't want to bathe with monkeys",https://youtu.be/jYKGGgxldQo,【ホロライブで英語学習】温泉に日本猿と入るとどうなる？とんでもない妄想をしてしまうゼータ【hololiveid/ホロライブ和訳切り抜き/ベスティアゼータ】,ホロライブ,ベスティア・ゼータ
feel like,～な気がする、～したい気分だ,初級,フレーズ,I feel like The monkeys should Have privacy,https://youtu.be/jYKGGgxldQo,【ホロライブで英語学習】温泉に日本猿と入るとどうなる？とんでもない妄想をしてしまうゼータ【hololiveid/ホロライブ和訳切り抜き/ベスティアゼータ】,ホロライブ,ベスティア・ゼータ
privacy,プライバシー、私的な自由,中級,名詞,Have privacy,https://youtu.be/jYKGGgxldQo,【ホロライブで英語学習】温泉に日本猿と入るとどうなる？とんでもない妄想をしてしまうゼータ【hololiveid/ホロライブ和訳切り抜き/ベスティアゼータ】,ホロライブ,ベスティア・ゼータ
what if,もし～だったらどうだろう、～したらどうなるだろう,初級,フレーズ,What if they think I'm a nuisance and then they start,https://youtu.be/jYKGGgxldQo,【ホロライブで英語学習】温泉に日本猿と入るとどうなる？とんでもない妄想をしてしまうゼータ【hololiveid/ホロライブ和訳切り抜き/ベスティアゼータ】,ホロライブ,ベスティア・ゼータ
nuisance,迷惑なもの、困りもの,上級,名詞,What if they think I'm a nuisance,https://youtu.be/jYKGGgxldQo,【ホロライブで英語学習】温泉に日本猿と入るとどうなる？とんでもない妄想をしてしまうゼータ【hololiveid/ホロライブ和訳切り抜き/ベスティアゼータ】,ホロライブ,ベスティア・ゼータ
splash,水をはねかける、飛び散る,中級,動詞,Splashing water,https://youtu.be/jYKGGgxldQo,【ホロライブで英語学習】温泉に日本猿と入るとどうなる？とんでもない妄想をしてしまうゼータ【hololiveid/ホロライブ和訳切り抜き/ベスティアゼータ】,ホロライブ,ベスティア・ゼータ
rip off,～を引きはがす、～をもぎ取る,上級,句動詞,Like what if they start clawing and ripping my face off,https://youtu.be/jYKGGgxldQo,【ホロライブで英語学習】温泉に日本猿と入るとどうなる？とんでもない妄想をしてしまうゼータ【hololiveid/ホロライブ和訳切り抜き/ベスティアゼータ】,ホロライブ,ベスティア・ゼータ
throw out,～を投げ出す、～を放り出す,中級,句動詞,Or what if they threw me out of the,https://youtu.be/jYKGGgxldQo,【ホロライブで英語学習】温泉に日本猿と入るとどうなる？とんでもない妄想をしてしまうゼータ【hololiveid/ホロライブ和訳切り抜き/ベスティアゼータ】,ホロライブ,ベスティア・ゼータ
roll down,転がり落ちる,中級,句動詞,I roll down the mountain,https://youtu.be/jYKGGgxldQo,【ホロライブで英語学習】温泉に日本猿と入るとどうなる？とんでもない妄想をしてしまうゼータ【hololiveid/ホロライブ和訳切り抜き/ベスティアゼータ】,ホロライブ,ベスティア・ゼータ
turmoil,騒動、混乱,上級,名詞,A little turmoil inside the water,https://youtu.be/jYKGGgxldQo,【ホロライブで英語学習】温泉に日本猿と入るとどうなる？とんでもない妄想をしてしまうゼータ【hololiveid/ホロライブ和訳切り抜き/ベスティアゼータ】,ホロライブ,ベスティア・ゼータ
whirlpool,渦巻き,上級,名詞,What if they create a whirlpool and then you drown,https://youtu.be/jYKGGgxldQo,【ホロライブで英語学習】温泉に日本猿と入るとどうなる？とんでもない妄想をしてしまうゼータ【hololiveid/ホロライブ和訳切り抜き/ベスティアゼータ】,ホロライブ,ベスティア・ゼータ
gossip,うわさ話をする、ゴシップをする,中級,動詞,What if the monkey decided to gossip among themselves,https://youtu.be/jYKGGgxldQo,【ホロライブで英語学習】温泉に日本猿と入るとどうなる？とんでもない妄想をしてしまうゼータ【hololiveid/ホロライブ和訳切り抜き/ベスティアゼータ】,ホロライブ,ベスティア・ゼータ
body language,身ぶり手ぶり、ボディーランゲージ,中級,名詞,You can speak body language,https://youtu.be/jYKGGgxldQo,【ホロライブで英語学習】温泉に日本猿と入るとどうなる？とんでもない妄想をしてしまうゼータ【hololiveid/ホロライブ和訳切り抜き/ベスティアゼータ】,ホロライブ,ベスティア・ゼータ
peel,（果物などの）皮,中級,名詞,they only give you the peel,https://youtu.be/jYKGGgxldQo,【ホロライブで英語学習】温泉に日本猿と入るとどうなる？とんでもない妄想をしてしまうゼータ【hololiveid/ホロライブ和訳切り抜き/ベスティアゼータ】,ホロライブ,ベスティア・ゼータ
charge,（料金を）請求する,中級,動詞,What if they start charging you for money,https://youtu.be/jYKGGgxldQo,【ホロライブで英語学習】温泉に日本猿と入るとどうなる？とんでもない妄想をしてしまうゼータ【hololiveid/ホロライブ和訳切り抜き/ベスティアゼータ】,ホロライブ,ベスティア・ゼータ
treat,おやつ、ご褒美,中級,名詞,To buy more treats,https://youtu.be/jYKGGgxldQo,【ホロライブで英語学習】温泉に日本猿と入るとどうなる？とんでもない妄想をしてしまうゼータ【hololiveid/ホロライブ和訳切り抜き/ベスティアゼータ】,ホロライブ,ベスティア・ゼータ
barter,物々交換する,上級,動詞,Barter They know how to barter stuff,https://youtu.be/jYKGGgxldQo,【ホロライブで英語学習】温泉に日本猿と入るとどうなる？とんでもない妄想をしてしまうゼータ【hololiveid/ホロライブ和訳切り抜き/ベスティアゼータ】,ホロライブ,ベスティア・ゼータ
clever,賢い、ずる賢い,中級,形容詞,Clever creatures,https://youtu.be/jYKGGgxldQo,【ホロライブで英語学習】温泉に日本猿と入るとどうなる？とんでもない妄想をしてしまうゼータ【hololiveid/ホロライブ和訳切り抜き/ベスティアゼータ】,ホロライブ,ベスティア・ゼータ
suck,最悪だ、ひどい,上級,動詞,That sucks.,https://youtu.be/jYKGGgxldQo,【ホロライブで英語学習】温泉に日本猿と入るとどうなる？とんでもない妄想をしてしまうゼータ【hololiveid/ホロライブ和訳切り抜き/ベスティアゼータ】,ホロライブ,ベスティア・ゼータ
on purpose,わざと、意図的に,中級,フレーズ,"It's not even something I'm doing on purpose, chat.",https://youtu.be/jYKGGgxldQo,【ホロライブで英語学習】温泉に日本猿と入るとどうなる？とんでもない妄想をしてしまうゼータ【hololiveid/ホロライブ和訳切り抜き/ベスティアゼータ】,ホロライブ,ベスティア・ゼータ
speaking of,～と言えば、～について話すと,中級,フレーズ,Speaking of pajamas,https://youtu.be/KEeHVQlYRbc,ゼータ、ジェラピケ愛を語る　冬は“もこもこ”で幸せになる,ホロライブ,ベスティア・ゼータ
for a while now,しばらく前からずっと,中級,フレーズ,but for a while now,https://youtu.be/KEeHVQlYRbc,ゼータ、ジェラピケ愛を語る　冬は“もこもこ”で幸せになる,ホロライブ,ベスティア・ゼータ
improve,改善する、向上させる,初級,動詞,Do you think they improve the quality of your sleep?,https://youtu.be/KEeHVQlYRbc,ゼータ、ジェラピケ愛を語る　冬は“もこもこ”で幸せになる,ホロライブ,ベスティア・ゼータ
be into (something),（～に）夢中になっている、ハマっている,中級,句動詞,"I've been really into, like, cute pajamas",https://youtu.be/KEeHVQlYRbc,ゼータ、ジェラピケ愛を語る　冬は“もこもこ”で幸せになる,ホロライブ,ベスティア・ゼータ
quality of sleep,睡眠の質,中級,フレーズ,they improve the quality of your sleep,https://youtu.be/KEeHVQlYRbc,ゼータ、ジェラピケ愛を語る　冬は“もこもこ”で幸せになる,ホロライブ,ベスティア・ゼータ
it's all mental,全ては気持ちの問題だ、気のせいだ,上級,フレーズ,But I do think it's all mental,https://youtu.be/KEeHVQlYRbc,ゼータ、ジェラピケ愛を語る　冬は“もこもこ”で幸せになる,ホロライブ,ベスティア・ゼータ
brand,ブランド,初級,名詞,"You know the brand, Gelato Peak",https://youtu.be/KEeHVQlYRbc,ゼータ、ジェラピケ愛を語る　冬は“もこもこ”で幸せになる,ホロライブ,ベスティア・ゼータ
physical proof,物理的な証拠,中級,フレーズ,It's not physical proof or anything,https://youtu.be/KEeHVQlYRbc,ゼータ、ジェラピケ愛を語る　冬は“もこもこ”で幸せになる,ホロライブ,ベスティア・ゼータ
lead to,～につながる、～の結果になる,中級,句動詞,Which leads you to think you're getting better sleep,https://youtu.be/KEeHVQlYRbc,ゼータ、ジェラピケ愛を語る　冬は“もこもこ”で幸せになる,ホロライブ,ベスティア・ゼータ
comfy,快適な、心地よい,中級,形容詞,"Yes, cute and comfy",https://youtu.be/KEeHVQlYRbc,ゼータ、ジェラピケ愛を語る　冬は“もこもこ”で幸せになる,ホロライブ,ベスティア・ゼータ
at the end of the day,結局のところ、最終的には,上級,慣用句,"at the end of the day, it is just pajamas",https://youtu.be/KEeHVQlYRbc,ゼータ、ジェラピケ愛を語る　冬は“もこもこ”で幸せになる,ホロライブ,ベスティア・ゼータ
especially since,特に～なので、～であるからなおさら,中級,フレーズ,Especially since winter is coming,https://youtu.be/KEeHVQlYRbc,ゼータ、ジェラピケ愛を語る　冬は“もこもこ”で幸せになる,ホロライブ,ベスティア・ゼータ
fabric,生地、布地,中級,名詞,it's just fabric,https://youtu.be/KEeHVQlYRbc,ゼータ、ジェラピケ愛を語る　冬は“もこもこ”で幸せになる,ホロライブ,ベスティア・ゼータ
I guess,～だと思う、～だろうな,初級,フレーズ,I guess it does help,https://youtu.be/KEeHVQlYRbc,ゼータ、ジェラピケ愛を語る　冬は“もこもこ”で幸せになる,ホロライブ,ベスティア・ゼータ
placebo effect,プラセボ効果、偽薬効果,上級,名詞,The placebo effect,https://youtu.be/KEeHVQlYRbc,ゼータ、ジェラピケ愛を語る　冬は“もこもこ”で幸せになる,ホロライブ,ベスティア・ゼータ
apparently,どうやら～らしい、見たところ～のようだ,上級,副詞,apparently regulates your body heat,https://youtu.be/KEeHVQlYRbc,ゼータ、ジェラピケ愛を語る　冬は“もこもこ”で幸せになる,ホロライブ,ベスティア・ゼータ
regulate,調整する、管理する,上級,動詞,apparently regulates your body heat,https://youtu.be/KEeHVQlYRbc,ゼータ、ジェラピケ愛を語る　冬は“もこもこ”で幸せになる,ホロライブ,ベスティア・ゼータ
fatigue,疲労、倦怠感,上級,名詞,And helps you with fatigue,https://youtu.be/KEeHVQlYRbc,ゼータ、ジェラピケ愛を語る　冬は“もこもこ”で幸せになる,ホロライブ,ベスティア・ゼータ
what is going on?,何が起きているの？、どうなってるの？,初級,フレーズ,"And I was like, what is going on?",https://youtu.be/KEeHVQlYRbc,ゼータ、ジェラピケ愛を語る　冬は“もこもこ”で幸せになる,ホロライブ,ベスティア・ゼータ
no way,まさか、とんでもない、ありえない,中級,慣用句,There is no way a pajama is doing all that,https://youtu.be/KEeHVQlYRbc,ゼータ、ジェラピケ愛を語る　冬は“もこもこ”で幸せになる,ホロライブ,ベスティア・ゼータ
almost dead,ほぼ死んでいる、瀕死の,中級,フレーズ,"AK, but it's almost dead.",https://youtu.be/KEeHVQlYRbc,ゼータ、ジェラピケ愛を語る　冬は“もこもこ”で幸せになる,ホロライブ,ベスティア・ゼータ
watch out,気をつけて、注意して,初級,フレーズ,"Watch out, that camp has a boss.",https://youtu.be/KEeHVQlYRbc,ゼータ、ジェラピケ愛を語る　冬は“もこもこ”で幸せになる,ホロライブ,ベスティア・ゼータ
boss,ボス、敵の親玉 (ゲームの),中級,名詞,"Watch out, that camp has a boss.",https://youtu.be/KEeHVQlYRbc,ゼータ、ジェラピケ愛を語る　冬は“もこもこ”で幸せになる,ホロライブ,ベスティア・ゼータ
tough,難しい、手ごわい,初級,形容詞,It is really tough.,https://youtu.be/KEeHVQlYRbc,ゼータ、ジェラピケ愛を語る　冬は“もこもこ”で幸せになる,ホロライブ,ベスティア・ゼータ
read that late,(コメントを)読み上げるのが遅れた,中級,フレーズ,"Oh, I read that late, but thanks, Sibli.",https://youtu.be/KEeHVQlYRbc,ゼータ、ジェラピケ愛を語る　冬は“もこもこ”で幸せになる,ホロライブ,ベスティア・ゼータ
with my eyes closed,目をつぶっていてもできるほど、簡単に,上級,慣用句,I can shoot with my eyes closed.,https://youtu.be/KEeHVQlYRbc,ゼータ、ジェラピケ愛を語る　冬は“もこもこ”で幸せになる,ホロライブ,ベスティア・ゼータ
backwards,後ろ向きに、逆向きに,初級,副詞,"I can shoot backwards, actually.",https://youtu.be/KEeHVQlYRbc,ゼータ、ジェラピケ愛を語る　冬は“もこもこ”で幸せになる,ホロライブ,ベスティア・ゼータ
prove it,(それを)証明する,初級,フレーズ,I'll prove it to you.,https://youtu.be/KEeHVQlYRbc,ゼータ、ジェラピケ愛を語る　冬は“もこもこ”で幸せになる,ホロライブ,ベスティア・ゼータ
nothing for me,朝飯前だ、簡単なことだ,上級,慣用句,"Shooting is nothing for me, okay?",https://youtu.be/KEeHVQlYRbc,ゼータ、ジェラピケ愛を語る　冬は“もこもこ”で幸せになる,ホロライブ,ベスティア・ゼータ
everyday thing,日常のこと、いつものこと,初級,フレーズ,"It's like, everyday, everyday thing.",https://youtu.be/KEeHVQlYRbc,ゼータ、ジェラピケ愛を語る　冬は“もこもこ”で幸せになる,ホロライブ,ベスティア・ゼータ
lost items,紛失物、失われたアイテム,中級,フレーズ,"Oh, look at all my lost items.",https://youtu.be/KEeHVQlYRbc,ゼータ、ジェラピケ愛を語る　冬は“もこもこ”で幸せになる,ホロライブ,ベスティア・ゼータ
hell yeah,やったー！、もちろん、まったくだ (強い肯定),上級,慣用句,"Yeah, hell yeah.",https://youtu.be/KEeHVQlYRbc,ゼータ、ジェラピケ愛を語る　冬は“もこもこ”で幸せになる,ホロライブ,ベスティア・ゼータ
spill,こぼす,初級,動詞,I spilled coffee.,https://youtu.be/KEeHVQlYRbc,ゼータ、ジェラピケ愛を語る　冬は“もこもこ”で幸せになる,ホロライブ,ベスティア・ゼータ
do laundry,洗濯をする,初級,フレーズ,because I hate doing laundry.,https://youtu.be/KEeHVQlYRbc,ゼータ、ジェラピケ愛を語る　冬は“もこもこ”で幸せになる,ホロライブ,ベスティア・ゼータ
excuse,言い訳,中級,名詞,"Hey, that's not an excuse.",https://youtu.be/KEeHVQlYRbc,ゼータ、ジェラピケ愛を語る　冬は“もこもこ”で幸せになる,ホロライブ,ベスティア・ゼータ
get it checked out,(診察して/点検して)もらう,中級,フレーズ,"Do you need to like, get it checked out or something?",https://youtu.be/KEeHVQlYRbc,ゼータ、ジェラピケ愛を語る　冬は“もこもこ”で幸せになる,ホロライブ,ベスティア・ゼータ
out there,世の中に、どこかに、存在する,中級,フレーズ,"There are people out there who loves cleaning, you know?",https://youtu.be/KEeHVQlYRbc,ゼータ、ジェラピケ愛を語る　冬は“もこもこ”で幸せになる,ホロライブ,ベスティア・ゼータ
hater,嫌がらせをする人、アンチ (ネットスラング),上級,名詞,Hater is crazy.,https://youtu.be/KEeHVQlYRbc,ゼータ、ジェラピケ愛を語る　冬は“もこもこ”で幸せになる,ホロライブ,ベスティア・ゼータ
freaking,めちゃくちゃ、すごく (強調の俗語),上級,副詞,So freaking funny.,https://youtu.be/KEeHVQlYRbc,ゼータ、ジェラピケ愛を語る　冬は“もこもこ”で幸せになる,ホロライブ,ベスティア・ゼータ
officially announced,正式に発表した,中級,フレーズ,DYK it’s been a year since you officially announced your move to Japan?,https://youtu.be/90zwGIrwlQs,日本移住1年で字幕なし映画を理解できたビジューの成長記録,ホロライブ,古石ビジュー
realized,～と気づいた,初級,動詞,I just realized DYK means did you know?,https://youtu.be/90zwGIrwlQs,日本移住1年で字幕なし映画を理解できたビジューの成長記録,ホロライブ,古石ビジュー
thriving,成功する、うまくいっている,中級,動詞,I’m thriving… but also girl-failuring.,https://youtu.be/90zwGIrwlQs,日本移住1年で字幕なし映画を理解できたビジューの成長記録,ホロライブ,古石ビジュー
girl-failuring,女子的にちょっと失敗する（自虐スラング）,上級,スラング,I’m thriving but also girl-failuring sometimes.,https://youtu.be/90zwGIrwlQs,日本移住1年で字幕なし映画を理解できたビジューの成長記録,ホロライブ,古石ビジュー
sub (subtitle),字幕（“subtitles”の略）,初級,名詞,I watched the movie without subs.,https://youtu.be/90zwGIrwlQs,日本移住1年で字幕なし映画を理解できたビジューの成長記録,ホロライブ,古石ビジュー
absorb,吸収する、理解する,中級,動詞,I’m absorbing more than I thought.,https://youtu.be/90zwGIrwlQs,日本移住1年で字幕なし映画を理解できたビジューの成長記録,ホロライブ,古石ビジュー
progress,進歩、上達,初級,名詞,Any progress with your Japanese?,https://youtu.be/90zwGIrwlQs,日本移住1年で字幕なし映画を理解できたビジューの成長記録,ホロライブ,古石ビジュー
more than I thought,思った以上に,中級,フレーズ,I was able to understand more than I thought.,https://youtu.be/90zwGIrwlQs,日本移住1年で字幕なし映画を理解できたビジューの成長記録,ホロライブ,古石ビジュー
refresh myself,状態を新しくする、リセットする,中級,句動詞,I need to refresh on the story.,https://youtu.be/90zwGIrwlQs,日本移住1年で字幕なし映画を理解できたビジューの成長記録,ホロライブ,古石ビジュー
aura farming,オーラ稼ぎ（かっこよすぎて雰囲気で圧倒する）,上級,スラング,The movie was aura farming the whole time.,https://youtu.be/90zwGIrwlQs,日本移住1年で字幕なし映画を理解できたビジューの成長記録,ホロライブ,古石ビジュー
insane,(口語) とんでもなくすごい、狂気的な,上級,形容詞,The animation budget on that movie is insane.,https://youtu.be/90zwGIrwlQs,日本移住1年で字幕なし映画を理解できたビジューの成長記録,ホロライブ,古石ビジュー
literally,文字通り、本当に,中級,副詞,"Literally, the whole movie.",https://youtu.be/90zwGIrwlQs,日本移住1年で字幕なし映画を理解できたビジューの成長記録,ホロライブ,古石ビジュー
take any excuse,〜する口実なら何でも使う,上級,慣用句,I will take any excuse to go to Japanese movie theaters.,https://youtu.be/90zwGIrwlQs,日本移住1年で字幕なし映画を理解できたビジューの成長記録,ホロライブ,古石ビジュー
snacks,軽食、お菓子,初級,名詞,the snacks in Japanese movie theaters are peak.,https://youtu.be/90zwGIrwlQs,日本移住1年で字幕なし映画を理解できたビジューの成長記録,ホロライブ,古石ビジュー
peak,(口語) 最高の、絶頂の,上級,形容詞,the snacks in Japanese movie theaters are peak.,https://youtu.be/90zwGIrwlQs,日本移住1年で字幕なし映画を理解できたビジューの成長記録,ホロライブ,古石ビジュー
Exquisite,絶妙な、非常に素晴らしい,上級,形容詞,Exquisite!.,https://youtu.be/90zwGIrwlQs,日本移住1年で字幕なし映画を理解できたビジューの成長記録,ホロライブ,古石ビジュー
fits into,～にぴったり収まる,中級,句動詞,the snack tray that they give you fits into the cup holder.,https://youtu.be/90zwGIrwlQs,日本移住1年で字幕なし映画を理解できたビジューの成長記録,ホロライブ,古石ビジュー
highly recommend,強くお勧めする,中級,フレーズ,I highly recommend Chainsaw Man movie.,https://youtu.be/90zwGIrwlQs,日本移住1年で字幕なし映画を理解できたビジューの成長記録,ホロライブ,古石ビジュー
keep up with,～に遅れずについていく,上級,句動詞,I was able to keep up with what was going on.,https://youtu.be/90zwGIrwlQs,日本移住1年で字幕なし映画を理解できたビジューの成長記録,ホロライブ,古石ビジュー
forget,忘れる,初級,形容詞,I think there are but I forgot I forgot,https://youtu.be/ozAIKN-HSK0,「再生」じゃないの？“Repeat”に悩むAlbanの日本語迷子タイム,にじさんじ,アルバーン・ノックス
other words for X,Xを表す別の言葉,中級,フレーズ,I think there are other words for Drip,https://youtu.be/ozAIKN-HSK0,「再生」じゃないの？“Repeat”に悩むAlbanの日本語迷子タイム,にじさんじ,アルバーン・ノックス
actually gonna (do X),実際に～するつもりだった、本当は～しようとしていた,上級,フレーズ,I was actually gonna put it by saisei,https://youtu.be/ozAIKN-HSK0,「再生」じゃないの？“Repeat”に悩むAlbanの日本語迷子タイム,にじさんじ,アルバーン・ノックス
sound right,正しいように聞こえる、筋が通っている,中級,フレーズ,what does that not sound right,https://youtu.be/ozAIKN-HSK0,「再生」じゃないの？“Repeat”に悩むAlbanの日本語迷子タイム,にじさんじ,アルバーン・ノックス
something else,何か別のもの,初級,フレーズ,so I just wrote something else,https://youtu.be/ozAIKN-HSK0,「再生」じゃないの？“Repeat”に悩むAlbanの日本語迷子タイム,にじさんじ,アルバーン・ノックス
once again,もう一度、再び,中級,フレーズ,audiotopia once again did some amazing,https://youtu.be/ozAIKN-HSK0,「再生」じゃないの？“Repeat”に悩むAlbanの日本語迷子タイム,にじさんじ,アルバーン・ノックス
mixing,ミキシング（音源の合成・調整）,中級,名詞,magic mixing,https://youtu.be/ozAIKN-HSK0,「再生」じゃないの？“Repeat”に悩むAlbanの日本語迷子タイム,にじさんじ,アルバーン・ノックス
let me see here,ええと、どれどれ、ちょっと待って,中級,フレーズ,let me see here hold on,https://youtu.be/ozAIKN-HSK0,「再生」じゃないの？“Repeat”に悩むAlbanの日本語迷子タイム,にじさんじ,アルバーン・ノックス
hold on,ちょっと待つ,中級,句動詞,hold on what else I'm trying,https://youtu.be/ozAIKN-HSK0,「再生」じゃないの？“Repeat”に悩むAlbanの日本語迷子タイム,にじさんじ,アルバーン・ノックス
X speaking people,Xを話す人々 (例：日本語を話す人々),中級,フレーズ,I need Japanese speaking people to help,https://youtu.be/ozAIKN-HSK0,「再生」じゃないの？“Repeat”に悩むAlbanの日本語迷子タイム,にじさんじ,アルバーン・ノックス
answer for myself,自分で答える,中級,フレーズ,if I don't answer this question for myself,https://youtu.be/ozAIKN-HSK0,「再生」じゃないの？“Repeat”に悩むAlbanの日本語迷子タイム,にじさんじ,アルバーン・ノックス
bug me,～をイライラさせる、気になる,上級,句動詞,it will bug me for the rest of the stream,https://youtu.be/ozAIKN-HSK0,「再生」じゃないの？“Repeat”に悩むAlbanの日本語迷子タイム,にじさんじ,アルバーン・ノックス
for the rest of X,Xの残り、Xの期間中ずっと,中級,フレーズ,for the rest of the stream,https://youtu.be/ozAIKN-HSK0,「再生」じゃないの？“Repeat”に悩むAlbanの日本語迷子タイム,にじさんじ,アルバーン・ノックス
stream,配信、ストリーム,中級,名詞,for the rest of the stream,https://youtu.be/ozAIKN-HSK0,「再生」じゃないの？“Repeat”に悩むAlbanの日本語迷子タイム,にじさんじ,アルバーン・ノックス
in my head,頭の中で、心の中で,中級,慣用句,in my head if you say you're you're repeating something,https://youtu.be/ozAIKN-HSK0,「再生」じゃないの？“Repeat”に悩むAlbanの日本語迷子タイム,にじさんじ,アルバーン・ノックス
over and over again,何度も何度も、繰り返し,中級,フレーズ,listening to something over and over again,https://youtu.be/ozAIKN-HSK0,「再生」じゃないの？“Repeat”に悩むAlbanの日本語迷子タイム,にじさんじ,アルバーン・ノックス
actually,実際に、本当に,中級,副詞,do you actually use the word saisei,https://youtu.be/ozAIKN-HSK0,「再生」じゃないの？“Repeat”に悩むAlbanの日本語迷子タイム,にじさんじ,アルバーン・ノックス
were to (do X),もしXするならば（仮定法未来）,上級,フレーズ,if you were to tell someone,https://youtu.be/ozAIKN-HSK0,「再生」じゃないの？“Repeat”に悩むAlbanの日本語迷子タイム,にじさんじ,アルバーン・ノックス
get confused,混乱する,中級,フレーズ,i got really confused on like what words to use,https://youtu.be/ozAIKN-HSK0,「再生」じゃないの？“Repeat”に悩むAlbanの日本語迷子タイム,にじさんじ,アルバーン・ノックス
what X to use,どのXを使うべきか,上級,フレーズ,on like what words to use in japanese,https://youtu.be/ozAIKN-HSK0,「再生」じゃないの？“Repeat”に悩むAlbanの日本語迷子タイム,にじさんじ,アルバーン・ノックス
thankfully,ありがたいことに,中級,副詞,So thankfully Petra wasn't late for late to Niji applications,https://youtu.be/iERTTVXBkDQ,もし30秒遅れてたらVTuberになれなかったペトラのギリギリ物語,にじさんじ,ペトラグリン
applications,応募、出願,中級,名詞,So thankfully Petra wasn't late for late to Niji applications,https://youtu.be/iERTTVXBkDQ,もし30秒遅れてたらVTuberになれなかったペトラのギリギリ物語,にじさんじ,ペトラグリン
barely on time,ぎりぎり間に合う,中級,フレーズ,Barely on time how I submitted my Niji application,https://youtu.be/iERTTVXBkDQ,もし30秒遅れてたらVTuberになれなかったペトラのギリギリ物語,にじさんじ,ペトラグリン
submit,提出する,中級,動詞,I submitted my Niji application two minutes before the form deadline,https://youtu.be/iERTTVXBkDQ,もし30秒遅れてたらVTuberになれなかったペトラのギリギリ物語,にじさんじ,ペトラグリン
deadline,締め切り,中級,名詞,I submitted my Niji application two minutes before the form deadline,https://youtu.be/iERTTVXBkDQ,もし30秒遅れてたらVTuberになれなかったペトラのギリギリ物語,にじさんじ,ペトラグリン
bugged out,バグる、落ちる,上級,フレーズ,Niji audition form bugged out.,https://youtu.be/iERTTVXBkDQ,もし30秒遅れてたらVTuberになれなかったペトラのギリギリ物語,にじさんじ,ペトラグリン
missed,逃した、見送った,初級,動詞,Missed the interview.,https://youtu.be/iERTTVXBkDQ,もし30秒遅れてたらVTuberになれなかったペトラのギリギリ物語,にじさんじ,ペトラグリン
set my alarm,アラームを設定する,初級,フレーズ,Set my alarm for the wrong time.,https://youtu.be/iERTTVXBkDQ,もし30秒遅れてたらVTuberになれなかったペトラのギリギリ物語,にじさんじ,ペトラグリン
put it that way,そういう言い方をするなら,上級,慣用句,"Well, if you put it that way",https://youtu.be/iERTTVXBkDQ,もし30秒遅れてたらVTuberになれなかったペトラのギリギリ物語,にじさんじ,ペトラグリン
come back,戻ってくる,初級,句動詞,Come back another day,https://youtu.be/iERTTVXBkDQ,もし30秒遅れてたらVTuberになれなかったペトラのギリギリ物語,にじさんじ,ペトラグリン
get on with,～を続ける、～に取り掛かる,中級,句動詞,Can we just get on with the meeting?,https://youtu.be/iERTTVXBkDQ,もし30秒遅れてたらVTuberになれなかったペトラのギリギリ物語,にじさんじ,ペトラグリン
go through,(申請などが)受理される、通過する,上級,句動詞,my application might not have gone through,https://youtu.be/iERTTVXBkDQ,もし30秒遅れてたらVTuberになれなかったペトラのギリギリ物語,にじさんじ,ペトラグリン
wait until the last minute,ぎりぎりまで待つ,中級,慣用句,That's why you don't wait until the last minute.,https://youtu.be/iERTTVXBkDQ,もし30秒遅れてたらVTuberになれなかったペトラのギリギリ物語,にじさんじ,ペトラグリン
in my defense,弁解すると、私としては,中級,フレーズ,in my defense for the first for the first,https://youtu.be/iERTTVXBkDQ,もし30秒遅れてたらVTuberになれなかったペトラのギリギリ物語,にじさんじ,ペトラグリン
allowed to,～することを許されている,初級,フレーズ,I was like I'm not allowed to start working on this until after my finals,https://youtu.be/iERTTVXBkDQ,もし30秒遅れてたらVTuberになれなかったペトラのギリギリ物語,にじさんじ,ペトラグリン
fail,失敗する、落第する,初級,動詞,I'm not gonna fail my finals,https://youtu.be/iERTTVXBkDQ,もし30秒遅れてたらVTuberになれなかったペトラのギリギリ物語,にじさんじ,ペトラグリン
sleep-deprived,睡眠不足の,上級,形容詞,and I was like super sleep-deprived because I didn't sleep for like three days,https://youtu.be/iERTTVXBkDQ,もし30秒遅れてたらVTuberになれなかったペトラのギリギリ物語,にじさんじ,ペトラグリン
hell yeah,そうだね、もちろん(強い肯定),上級,フレーズ,Do you turn in assignments last minute as well? Yeah. Hell yeah,https://youtu.be/iERTTVXBkDQ,もし30秒遅れてたらVTuberになれなかったペトラのギリギリ物語,にじさんじ,ペトラグリン
decent ish,まあまあ良い感じ、そこそこ,上級,フレーズ,Decent ish student I have like we have like I don't know,https://youtu.be/iERTTVXBkDQ,もし30秒遅れてたらVTuberになれなかったペトラのギリギリ物語,にじさんじ,ペトラグリン
average,平均,中級,名詞,my average is like a minus I think,https://youtu.be/iERTTVXBkDQ,もし30秒遅れてたらVTuberになれなかったペトラのギリギリ物語,にじさんじ,ペトラグリン
physically,物理的に、肉体的に,初級,副詞,Like ASMR or do you mean like physically the gifts?,https://youtu.be/-o_vi536bpA,耳かきして?!化け物コメントへのペトラの反応,にじさんじ,ペトラグリン
membership,会員資格、メンバーシップ,初級,名詞,They joined membership and immediately gifted.,https://youtu.be/-o_vi536bpA,耳かきして?!化け物コメントへのペトラの反応,にじさんじ,ペトラグリン
immediately,すぐに、即座に,初級,副詞,They joined membership and immediately gifted.,https://youtu.be/-o_vi536bpA,耳かきして?!化け物コメントへのペトラの反応,にじさんじ,ペトラグリン
gifted,贈り物をする、贈与する,初級,動詞,immediately gifted.,https://youtu.be/-o_vi536bpA,耳かきして?!化け物コメントへのペトラの反応,にじさんじ,ペトラグリン
wording,言葉遣い、表現,中級,名詞,The wording of the ear cleaning comment was just so funny,https://youtu.be/-o_vi536bpA,耳かきして?!化け物コメントへのペトラの反応,にじさんじ,ペトラグリン
comment,コメント、意見,初級,名詞,The wording of the ear cleaning comment was just so funny,https://youtu.be/-o_vi536bpA,耳かきして?!化け物コメントへのペトラの反応,にじさんじ,ペトラグリン
one day,いつか、ある日,初級,フレーズ,Maybe one day I will do ASMR,https://youtu.be/-o_vi536bpA,耳かきして?!化け物コメントへのペトラの反応,にじさんじ,ペトラグリン
embarrassing,恥ずかしい、きまりが悪い,初級,形容詞,Embarrassing. I'm never I'm not gonna do embarrassing shit like that,https://youtu.be/-o_vi536bpA,耳かきして?!化け物コメントへのペトラの反応,にじさんじ,ペトラグリン
stuff,もの、こと,初級,名詞,I was like that stuff's so embarrassing I could never,https://youtu.be/-o_vi536bpA,耳かきして?!化け物コメントへのペトラの反応,にじさんじ,ペトラグリン
now that I think about it,そういえば、考えてみれば,上級,フレーズ,But now now that I think about it I've done way worse,https://youtu.be/-o_vi536bpA,耳かきして?!化け物コメントへのペトラの反応,にじさんじ,ペトラグリン
humiliating,屈辱的な、恥をかかせるような,上級,形容詞,I've done much more embarrassing humiliating things.,https://youtu.be/-o_vi536bpA,耳かきして?!化け物コメントへのペトラの反応,にじさんじ,ペトラグリン
cringe,痛々しい、ドン引きするような,上級,形容詞,I feel like every stream I do is pretty cringe and embarrassing.,https://youtu.be/-o_vi536bpA,耳かきして?!化け物コメントへのペトラの反応,にじさんじ,ペトラグリン
honestly,正直に言うと、本当に,初級,副詞,"Honestly, just pick up just pick a stream and watch and you'll know",https://youtu.be/-o_vi536bpA,耳かきして?!化け物コメントへのペトラの反応,にじさんじ,ペトラグリン
decide,決める、決定する,初級,動詞,before I decide to do anything else,https://youtu.be/-o_vi536bpA,耳かきして?!化け物コメントへのペトラの反応,にじさんじ,ペトラグリン
interested in,〜に興味がある,初級,フレーズ,Actually being interested in the company you apply for is helpful.,https://youtu.be/d3CIJ1BiBvQ,にじさんじ面接の裏側をぶっちゃけ,にじさんじ,ペトラグリン
contender,（優勝などの）候補者、競争相手,上級,名詞,Makes you a better contender for Niji Sanji,https://youtu.be/d3CIJ1BiBvQ,にじさんじ面接の裏側をぶっちゃけ,にじさんじ,ペトラグリン
applied,応募した、申し込んだ,中級,動詞,that's why I applied,https://youtu.be/d3CIJ1BiBvQ,にじさんじ面接の裏側をぶっちゃけ,にじさんじ,ペトラグリン
big fan of,〜の大ファンだ,中級,フレーズ,I'm actually a big fan of Niji Sanji itself,https://youtu.be/d3CIJ1BiBvQ,にじさんじ面接の裏側をぶっちゃけ,にじさんじ,ペトラグリン
nervous,緊張している、不安な,初級,形容詞,I was really nervous in my interview,https://youtu.be/d3CIJ1BiBvQ,にじさんじ面接の裏側をぶっちゃけ,にじさんじ,ペトラグリン
withdraw,（応募などを）取り下げる、撤回する,上級,動詞,"If you cry during an interview, just withdraw",https://youtu.be/d3CIJ1BiBvQ,にじさんじ面接の裏側をぶっちゃけ,にじさんじ,ペトラグリン
crack under pressure,プレッシャーに負ける、重圧に押しつぶされる,上級,慣用句,My weaknesses are I crack under pressure very easily,https://youtu.be/d3CIJ1BiBvQ,にじさんじ面接の裏側をぶっちゃけ,にじさんじ,ペトラグリン
interacting with,〜と交流する、相互作用する,中級,句動詞,Interacting with my chat and talking to an audience,https://youtu.be/d3CIJ1BiBvQ,にじさんじ面接の裏側をぶっちゃけ,にじさんじ,ペトラグリン
comfortable,気楽な、心地よい,初級,形容詞,I'm comfortable and Interacting with my chat,https://youtu.be/d3CIJ1BiBvQ,にじさんじ面接の裏側をぶっちゃけ,にじさんじ,ペトラグリン
multiple languages,多言語、複数の言語,中級,名詞,I can speak multiple languages,https://youtu.be/d3CIJ1BiBvQ,にじさんじ面接の裏側をぶっちゃけ,にじさんじ,ペトラグリン
confident in,〜に自信がある,中級,形容詞,even if it's something I'm not confident in,https://youtu.be/d3CIJ1BiBvQ,にじさんじ面接の裏側をぶっちゃけ,にじさんじ,ペトラグリン
strengths and weaknesses,長所と短所,中級,名詞,Why what are your strengths and weaknesses?,https://youtu.be/d3CIJ1BiBvQ,にじさんじ面接の裏側をぶっちゃけ,にじさんじ,ペトラグリン
day-to-day life,日常生活,中級,名詞,not very useful to me in my normal day-to-day life,https://youtu.be/d3CIJ1BiBvQ,にじさんじ面接の裏側をぶっちゃけ,にじさんじ,ペトラグリン
auditioning for,〜のオーディションを受ける,上級,句動詞,Am I re auditioning for an EG?,https://youtu.be/d3CIJ1BiBvQ,にじさんじ面接の裏側をぶっちゃけ,にじさんじ,ペトラグリン
job interview,就職面接,中級,名詞,I feel like I'm at a job interview.,https://youtu.be/d3CIJ1BiBvQ,にじさんじ面接の裏側をぶっちゃけ,にじさんじ,ペトラグリン
be dying of,～で死にそうである,中級,フレーズ,"Today's topic is my 'be dying of', something I’ve been working on off stream.",https://youtu.be/klgWQcUmWJc,期限切れの寿司ロールを食べて食中毒になったことを不思議がるペトラグリン,にじさんじ,ペトラグリン
food poisoning,食中毒,上級,フレーズ,"Today's topic is my 'food poisoning', something I’ve been working on off stream.",https://youtu.be/klgWQcUmWJc,期限切れの寿司ロールを食べて食中毒になったことを不思議がるペトラグリン,にじさんじ,ペトラグリン
pretty much,ほとんど、大体,上級,フレーズ,"Today's topic is my 'pretty much', something I’ve been working on off stream.",https://youtu.be/klgWQcUmWJc,期限切れの寿司ロールを食べて食中毒になったことを不思議がるペトラグリン,にじさんじ,ペトラグリン
vibes,雰囲気,初級,名詞,I gave a quick explanation of the 'vibes' before the game started.,https://youtu.be/klgWQcUmWJc,期限切れの寿司ロールを食べて食中毒になったことを不思議がるペトラグリン,にじさんじ,ペトラグリン
swear to God,神に誓って,上級,フレーズ,"Today's topic is my 'swear to God', something I’ve been working on off stream.",https://youtu.be/klgWQcUmWJc,期限切れの寿司ロールを食べて食中毒になったことを不思議がるペトラグリン,にじさんじ,ペトラグリン
pregnant,妊娠している,中級,形容詞,The sound was 'pregnant' so I had to fix it before streaming.,https://youtu.be/klgWQcUmWJc,期限切れの寿司ロールを食べて食中毒になったことを不思議がるペトラグリン,にじさんじ,ペトラグリン
sushi rolls,寿司ロール,上級,フレーズ,"Today's topic is my 'sushi rolls', something I’ve been working on off stream.",https://youtu.be/klgWQcUmWJc,期限切れの寿司ロールを食べて食中毒になったことを不思議がるペトラグリン,にじさんじ,ペトラグリン
fridge,冷蔵庫,中級,名詞,I gave a quick explanation of the 'fridge' before the game started.,https://youtu.be/klgWQcUmWJc,期限切れの寿司ロールを食べて食中毒になったことを不思議がるペトラグリン,にじさんじ,ペトラグリン
expiry date,有効期限、賞味期限,上級,フレーズ,"Today's topic is my 'expiry date', something I’ve been working on off stream.",https://youtu.be/klgWQcUmWJc,期限切れの寿司ロールを食べて食中毒になったことを不思議がるペトラグリン,にじさんじ,ペトラグリン
safe,安全な,初級,名詞,I gave a quick explanation of the 'safe' before the game started.,https://youtu.be/klgWQcUmWJc,期限切れの寿司ロールを食べて食中毒になったことを不思議がるペトラグリン,にじさんじ,ペトラグリン
liable,責任がある,中級,形容詞,The sound was 'liable' so I had to fix it before streaming.,https://youtu.be/klgWQcUmWJc,期限切れの寿司ロールを食べて食中毒になったことを不思議がるペトラグリン,にじさんじ,ペトラグリン
be fine,大丈夫である,中級,フレーズ,"Today's topic is my 'be fine', something I’ve been working on off stream.",https://youtu.be/klgWQcUmWJc,期限切れの寿司ロールを食べて食中毒になったことを不思議がるペトラグリン,にじさんじ,ペトラグリン
don't worry about it,心配しないでください,上級,フレーズ,"Today's topic is my 'don't worry about it', something I’ve been working on off stream.",https://youtu.be/klgWQcUmWJc,期限切れの寿司ロールを食べて食中毒になったことを不思議がるペトラグリン,にじさんじ,ペトラグリン
on repeat,リピート再生中,中級,フレーズ,"Today's topic is my 'on repeat', something I’ve been working on off stream.",https://youtu.be/klgWQcUmWJc,期限切れの寿司ロールを食べて食中毒になったことを不思議がるペトラグリン,にじさんじ,ペトラグリン
for real,本当に、真剣に,中級,フレーズ,"Today's topic is my 'for real', something I’ve been working on off stream.",https://youtu.be/klgWQcUmWJc,期限切れの寿司ロールを食べて食中毒になったことを不思議がるペトラグリン,にじさんじ,ペトラグリン
Anyway,とにかく,中級,名詞,I gave a quick explanation of the 'Anyway' before the game started.,https://youtu.be/hHLbTrnuZJE,赤スパで大混乱！リスナーの期待にはしっかり応えるペトラグリン,にじさんじ,ペトラグリン
wanted to,〜したかった,中級,フレーズ,"Today's topic is my 'wanted to', something I’ve been working on off stream.",https://youtu.be/hHLbTrnuZJE,赤スパで大混乱！リスナーの期待にはしっかり応えるペトラグリン,にじさんじ,ペトラグリン
watched,見た,中級,形容詞,The sound was 'watched' so I had to fix it before streaming.,https://youtu.be/hHLbTrnuZJE,赤スパで大混乱！リスナーの期待にはしっかり応えるペトラグリン,にじさんじ,ペトラグリン
spoiled,ネタバレされた,中級,形容詞,The sound was 'spoiled' so I had to fix it before streaming.,https://youtu.be/hHLbTrnuZJE,赤スパで大混乱！リスナーの期待にはしっかり応えるペトラグリン,にじさんじ,ペトラグリン
read the room,空気を読む,上級,フレーズ,"Today's topic is my 'read the room', something I’ve been working on off stream.",https://youtu.be/hHLbTrnuZJE,赤スパで大混乱！リスナーの期待にはしっかり応えるペトラグリン,にじさんじ,ペトラグリン
lived in,〜に住んでいた,中級,フレーズ,"Today's topic is my 'lived in', something I’ve been working on off stream.",https://youtu.be/hHLbTrnuZJE,赤スパで大混乱！リスナーの期待にはしっかり応えるペトラグリン,にじさんじ,ペトラグリン
ignores me,私を無視する,中級,フレーズ,"Today's topic is my 'ignores me', something I’ve been working on off stream.",https://youtu.be/hHLbTrnuZJE,赤スパで大混乱！リスナーの期待にはしっかり応えるペトラグリン,にじさんじ,ペトラグリン
dialogue,対話,中級,名詞,I gave a quick explanation of the 'dialogue' before the game started.,https://youtu.be/hHLbTrnuZJE,赤スパで大混乱！リスナーの期待にはしっかり応えるペトラグリン,にじさんじ,ペトラグリン
can fly,飛べる,中級,フレーズ,"Today's topic is my 'can fly', something I’ve been working on off stream.",https://youtu.be/hHLbTrnuZJE,赤スパで大混乱！リスナーの期待にはしっかり応えるペトラグリン,にじさんじ,ペトラグリン
I've been to,私は〜に行ったことがある,上級,フレーズ,"Today's topic is my 'I've been to', something I’ve been working on off stream.",https://youtu.be/hHLbTrnuZJE,赤スパで大混乱！リスナーの期待にはしっかり応えるペトラグリン,にじさんじ,ペトラグリン
Public display of affection (PDA),公然たる愛情表現,上級,フレーズ,"Today's topic is my 'Public display of affection (PDA)', something I’ve been working on off stream.",https://youtu.be/hHLbTrnuZJE,赤スパで大混乱！リスナーの期待にはしっかり応えるペトラグリン,にじさんじ,ペトラグリン
lean on me,私にもたれる,中級,フレーズ,"Today's topic is my 'lean on me', something I’ve been working on off stream.",https://youtu.be/hHLbTrnuZJE,赤スパで大混乱！リスナーの期待にはしっかり応えるペトラグリン,にじさんじ,ペトラグリン
freeze,固まる、フリーズする,中級,名詞,I gave a quick explanation of the 'freeze' before the game started.,https://youtu.be/hHLbTrnuZJE,赤スパで大混乱！リスナーの期待にはしっかり応えるペトラグリン,にじさんじ,ペトラグリン
broke?,壊れた？,中級,名詞,I gave a quick explanation of the 'broke?' before the game started.,https://youtu.be/hHLbTrnuZJE,赤スパで大混乱！リスナーの期待にはしっかり応えるペトラグリン,にじさんじ,ペトラグリン
comedian,コメディアン,中級,名詞,I gave a quick explanation of the 'comedian' before the game started.,https://youtu.be/hHLbTrnuZJE,赤スパで大混乱！リスナーの期待にはしっかり応えるペトラグリン,にじさんじ,ペトラグリン
laughing,笑って,中級,名詞,I gave a quick explanation of the 'laughing' before the game started.,https://youtu.be/hHLbTrnuZJE,赤スパで大混乱！リスナーの期待にはしっかり応えるペトラグリン,にじさんじ,ペトラグリン
interview,インタビュー,中級,名詞,I gave a quick explanation of the 'interview' before the game started.,https://youtu.be/hHLbTrnuZJE,赤スパで大混乱！リスナーの期待にはしっかり応えるペトラグリン,にじさんじ,ペトラグリン
pointing at,〜を指差して,上級,フレーズ,"Today's topic is my 'pointing at', something I’ve been working on off stream.",https://youtu.be/hHLbTrnuZJE,赤スパで大混乱！リスナーの期待にはしっかり応えるペトラグリン,にじさんじ,ペトラグリン
support,サポート,中級,名詞,I gave a quick explanation of the 'support' before the game started.,https://youtu.be/hHLbTrnuZJE,赤スパで大混乱！リスナーの期待にはしっかり応えるペトラグリン,にじさんじ,ペトラグリン
expelled,退学させられる,中級,形容詞,The sound was 'expelled' so I had to fix it before streaming.,https://youtu.be/hHLbTrnuZJE,赤スパで大混乱！リスナーの期待にはしっかり応えるペトラグリン,にじさんじ,ペトラグリン
authorities,当局,上級,名詞,I gave a quick explanation of the 'authorities' before the game started.,https://youtu.be/hHLbTrnuZJE,赤スパで大混乱！リスナーの期待にはしっかり応えるペトラグリン,にじさんじ,ペトラグリン
mean,意味する,初級,名詞,I gave a quick explanation of the 'mean' before the game started.,https://youtu.be/hHLbTrnuZJE,赤スパで大混乱！リスナーの期待にはしっかり応えるペトラグリン,にじさんじ,ペトラグリン
intrigued,興味をそそられる,中級,形容詞,The sound was 'intrigued' so I had to fix it before streaming.,https://youtu.be/hHLbTrnuZJE,赤スパで大混乱！リスナーの期待にはしっかり応えるペトラグリン,にじさんじ,ペトラグリン
expectations,期待,上級,名詞,I gave a quick explanation of the 'expectations' before the game started.,https://youtu.be/hHLbTrnuZJE,赤スパで大混乱！リスナーの期待にはしっかり応えるペトラグリン,にじさんじ,ペトラグリン
fulfill,達成する,中級,名詞,I gave a quick explanation of the 'fulfill' before the game started.,https://youtu.be/hHLbTrnuZJE,赤スパで大混乱！リスナーの期待にはしっかり応えるペトラグリン,にじさんじ,ペトラグリン
proposal,提案,中級,形容詞,The sound was 'proposal' so I had to fix it before streaming.,https://youtu.be/hHLbTrnuZJE,赤スパで大混乱！リスナーの期待にはしっかり応えるペトラグリン,にじさんじ,ペトラグリン
explain,説明する,中級,名詞,I gave a quick explanation of the 'explain' before the game started.,https://youtu.be/hHLbTrnuZJE,赤スパで大混乱！リスナーの期待にはしっかり応えるペトラグリン,にじさんじ,ペトラグリン
chat,チャット,初級,名詞,I gave a quick explanation of the 'chat' before the game started.,https://youtu.be/hHLbTrnuZJE,赤スパで大混乱！リスナーの期待にはしっかり応えるペトラグリン,にじさんじ,ペトラグリン
self-intro,自己紹介,上級,名詞,I gave a quick explanation of the 'self-intro' before the game started.,https://youtu.be/hHLbTrnuZJE,赤スパで大混乱！リスナーの期待にはしっかり応えるペトラグリン,にじさんじ,ペトラグリン
main character,主人公,上級,フレーズ,"Today's topic is my 'main character', something I’ve been working on off stream.",https://youtu.be/hHLbTrnuZJE,赤スパで大混乱！リスナーの期待にはしっかり応えるペトラグリン,にじさんじ,ペトラグリン
nervous,緊張して,中級,形容詞,The sound was 'nervous' so I had to fix it before streaming.,https://youtu.be/hHLbTrnuZJE,赤スパで大混乱！リスナーの期待にはしっかり応えるペトラグリン,にじさんじ,ペトラグリン
secret,秘密,初級,形容詞,The sound was 'secret' so I had to fix it before streaming.,https://youtu.be/hHLbTrnuZJE,赤スパで大混乱！リスナーの期待にはしっかり応えるペトラグリン,にじさんじ,ペトラグリン
average,平均的な,中級,名詞,I gave a quick explanation of the 'average' before the game started.,https://youtu.be/hHLbTrnuZJE,赤スパで大混乱！リスナーの期待にはしっかり応えるペトラグリン,にじさんじ,ペトラグリン
truth,真実,初級,名詞,I gave a quick explanation of the 'truth' before the game started.,https://youtu.be/hHLbTrnuZJE,赤スパで大混乱！リスナーの期待にはしっかり応えるペトラグリン,にじさんじ,ペトラグリン
might as well,〜する方がましだ,上級,フレーズ,"Today's topic is my 'might as well', something I’ve been working on off stream.",https://youtu.be/hHLbTrnuZJE,赤スパで大混乱！リスナーの期待にはしっかり応えるペトラグリン,にじさんじ,ペトラグリン
maid cafe,メイドカフェ,中級,フレーズ,"Today's topic is my 'maid cafe', something I’ve been working on off stream.",https://youtu.be/hHLbTrnuZJE,赤スパで大混乱！リスナーの期待にはしっかり応えるペトラグリン,にじさんじ,ペトラグリン
full,まったくの,初級,名詞,I gave a quick explanation of the 'full' before the game started.,https://youtu.be/hHLbTrnuZJE,赤スパで大混乱！リスナーの期待にはしっかり応えるペトラグリン,にじさんじ,ペトラグリン
ordered,注文した,中級,形容詞,The sound was 'ordered' so I had to fix it before streaming.,https://youtu.be/hHLbTrnuZJE,赤スパで大混乱！リスナーの期待にはしっかり応えるペトラグリン,にじさんじ,ペトラグリン
play this game,このゲームをプレイする,上級,フレーズ,"Today's topic is my 'play this game', something I’ve been working on off stream.",https://youtu.be/yKNA9Zxu7ZA,空気が読めず日本から追い出されそうになるペトラグリン,にじさんじ,ペトラグリン
watch (something),(何かを) 見る,上級,フレーズ,"Today's topic is my 'watch (something)', something I’ve been working on off stream.",https://youtu.be/yKNA9Zxu7ZA,空気が読めず日本から追い出されそうになるペトラグリン,にじさんじ,ペトラグリン
be spoiled,ネタバレされる,中級,フレーズ,"Today's topic is my 'be spoiled', something I’ve been working on off stream.",https://youtu.be/yKNA9Zxu7ZA,空気が読めず日本から追い出されそうになるペトラグリン,にじさんじ,ペトラグリン
read the room,空気を読む,上級,フレーズ,"Today's topic is my 'read the room', something I’ve been working on off stream.",https://youtu.be/yKNA9Zxu7ZA,空気が読めず日本から追い出されそうになるペトラグリン,にじさんじ,ペトラグリン
Japanese person,日本人,上級,フレーズ,"Today's topic is my 'Japanese person', something I’ve been working on off stream.",https://youtu.be/yKNA9Zxu7ZA,空気が読めず日本から追い出されそうになるペトラグリン,にじさんじ,ペトラグリン
lived in Japan,日本に住んでいた,上級,フレーズ,"Today's topic is my 'lived in Japan', something I’ve been working on off stream.",https://youtu.be/yKNA9Zxu7ZA,空気が読めず日本から追い出されそうになるペトラグリン,にじさんじ,ペトラグリン
ignore,無視する,中級,名詞,I gave a quick explanation of the 'ignore' before the game started.,https://youtu.be/yKNA9Zxu7ZA,空気が読めず日本から追い出されそうになるペトラグリン,にじさんじ,ペトラグリン
dialogue,ダイアログ、セリフ、会話,中級,名詞,I gave a quick explanation of the 'dialogue' before the game started.,https://youtu.be/yKNA9Zxu7ZA,空気が読めず日本から追い出されそうになるペトラグリン,にじさんじ,ペトラグリン
fly,飛ぶ,初級,副詞,"I might have gone 'fly' with the joke, but it was funny.",https://youtu.be/yKNA9Zxu7ZA,空気が読めず日本から追い出されそうになるペトラグリン,にじさんじ,ペトラグリン
izakaya,居酒屋,中級,名詞,I gave a quick explanation of the 'izakaya' before the game started.,https://youtu.be/yKNA9Zxu7ZA,空気が読めず日本から追い出されそうになるペトラグリン,にじさんじ,ペトラグリン
go out with me,付き合ってください,上級,フレーズ,"Today's topic is my 'go out with me', something I’ve been working on off stream.",https://youtu.be/yKNA9Zxu7ZA,空気が読めず日本から追い出されそうになるペトラグリン,にじさんじ,ペトラグリン
relationships,人間関係,上級,名詞,I gave a quick explanation of the 'relationships' before the game started.,https://youtu.be/yKNA9Zxu7ZA,空気が読めず日本から追い出されそうになるペトラグリン,にじさんじ,ペトラグリン
reality of society,社会の現実,上級,フレーズ,"Today's topic is my 'reality of society', something I’ve been working on off stream.",https://youtu.be/yKNA9Zxu7ZA,空気が読めず日本から追い出されそうになるペトラグリン,にじさんじ,ペトラグリン
tough,難しい,初級,名詞,I gave a quick explanation of the 'tough' before the game started.,https://youtu.be/yKNA9Zxu7ZA,空気が読めず日本から追い出されそうになるペトラグリン,にじさんじ,ペトラグリン
girlfriend,彼女,上級,名詞,I gave a quick explanation of the 'girlfriend' before the game started.,https://youtu.be/yKNA9Zxu7ZA,空気が読めず日本から追い出されそうになるペトラグリン,にじさんじ,ペトラグリン
kiss,キス,初級,名詞,I gave a quick explanation of the 'kiss' before the game started.,https://youtu.be/yKNA9Zxu7ZA,空気が読めず日本から追い出されそうになるペトラグリン,にじさんじ,ペトラグリン
hit,打つ,初級,名詞,I gave a quick explanation of the 'hit' before the game started.,https://youtu.be/yKNA9Zxu7ZA,空気が読めず日本から追い出されそうになるペトラグリン,にじさんじ,ペトラグリン
bump into,ぶつかる,中級,フレーズ,"Today's topic is my 'bump into', something I’ve been working on off stream.",https://youtu.be/yKNA9Zxu7ZA,空気が読めず日本から追い出されそうになるペトラグリン,にじさんじ,ペトラグリン
PDA (Public Display of Affection),公共の場での愛情表現,上級,フレーズ,"Today's topic is my 'PDA (Public Display of Affection)', something I’ve been working on off stream.",https://youtu.be/yKNA9Zxu7ZA,空気が読めず日本から追い出されそうになるペトラグリン,にじさんじ,ペトラグリン
lean on me,私に寄りかかって,中級,フレーズ,"Today's topic is my 'lean on me', something I’ve been working on off stream.",https://youtu.be/yKNA9Zxu7ZA,空気が読めず日本から追い出されそうになるペトラグリン,にじさんじ,ペトラグリン
put my arm around,(誰かを) 腕をまわす,上級,フレーズ,"Today's topic is my 'put my arm around', something I’ve been working on off stream.",https://youtu.be/yKNA9Zxu7ZA,空気が読めず日本から追い出されそうになるペトラグリン,にじさんじ,ペトラグリン
sleep tight,よく眠れ,上級,フレーズ,"Today's topic is my 'sleep tight', something I’ve been working on off stream.",https://youtu.be/yKNA9Zxu7ZA,空気が読めず日本から追い出されそうになるペトラグリン,にじさんじ,ペトラグリン
interview,インタビュー,中級,名詞,I gave a quick explanation of the 'interview' before the game started.,https://youtu.be/yKNA9Zxu7ZA,空気が読めず日本から追い出されそうになるペトラグリン,にじさんじ,ペトラグリン
laugh at (someone's) jokes,(誰かの) 冗談に笑う,上級,フレーズ,"Today's topic is my 'laugh at (someone's) jokes', something I’ve been working on off stream.",https://youtu.be/yKNA9Zxu7ZA,空気が読めず日本から追い出されそうになるペトラグリン,にじさんじ,ペトラグリン
comedian,コメディアン,中級,名詞,I gave a quick explanation of the 'comedian' before the game started.,https://youtu.be/yKNA9Zxu7ZA,空気が読めず日本から追い出されそうになるペトラグリン,にじさんじ,ペトラグリン
jokes,冗談,初級,名詞,I gave a quick explanation of the 'jokes' before the game started.,https://youtu.be/yKNA9Zxu7ZA,空気が読めず日本から追い出されそうになるペトラグリン,にじさんじ,ペトラグリン
support,サポート,中級,名詞,I gave a quick explanation of the 'support' before the game started.,https://youtu.be/yKNA9Zxu7ZA,空気が読めず日本から追い出されそうになるペトラグリン,にじさんじ,ペトラグリン
go out to Japan,日本へ出かける,上級,フレーズ,"Today's topic is my 'go out to Japan', something I’ve been working on off stream.",https://youtu.be/yKNA9Zxu7ZA,空気が読めず日本から追い出されそうになるペトラグリン,にじさんじ,ペトラグリン
kind,親切な,初級,名詞,I gave a quick explanation of the 'kind' before the game started.,https://youtu.be/yKNA9Zxu7ZA,空気が読めず日本から追い出されそうになるペトラグリン,にじさんじ,ペトラグリン
(kind of 〜),(少し、〜の種類など意味多数),中級,フレーズ,"Today's topic is my '(kind of 〜)', something I’ve been working on off stream.",https://youtu.be/yKNA9Zxu7ZA,空気が読めず日本から追い出されそうになるペトラグリン,にじさんじ,ペトラグリン
scared,怖い,中級,形容詞,The sound was 'scared' so I had to fix it before streaming.,https://youtu.be/yKNA9Zxu7ZA,空気が読めず日本から追い出されそうになるペトラグリン,にじさんじ,ペトラグリン
throw away,捨てる,中級,フレーズ,"Today's topic is my 'throw away', something I’ve been working on off stream.",https://youtu.be/yKNA9Zxu7ZA,空気が読めず日本から追い出されそうになるペトラグリン,にじさんじ,ペトラグリン
area,地域,初級,名詞,I gave a quick explanation of the 'area' before the game started.,https://youtu.be/yKNA9Zxu7ZA,空気が読めず日本から追い出されそうになるペトラグリン,にじさんじ,ペトラグリン
authorities,政府、当局,上級,名詞,I gave a quick explanation of the 'authorities' before the game started.,https://youtu.be/yKNA9Zxu7ZA,空気が読めず日本から追い出されそうになるペトラグリン,にじさんじ,ペトラグリン
president's office,大統領の事務所,上級,フレーズ,"Today's topic is my 'president's office', something I’ve been working on off stream.",https://youtu.be/yKNA9Zxu7ZA,空気が読めず日本から追い出されそうになるペトラグリン,にじさんじ,ペトラグリン
fresh,新鮮な,初級,名詞,I gave a quick explanation of the 'fresh' before the game started.,https://youtu.be/-OtrDCWy9Co,日本とアメリカのパンの消費期限の違いについて語るペトラグリン,にじさんじ,ペトラグリン
expire,期限が切れる,中級,名詞,I gave a quick explanation of the 'expire' before the game started.,https://youtu.be/-OtrDCWy9Co,日本とアメリカのパンの消費期限の違いについて語るペトラグリン,にじさんじ,ペトラグリン
bread,パン,初級,名詞,I gave a quick explanation of the 'bread' before the game started.,https://youtu.be/-OtrDCWy9Co,日本とアメリカのパンの消費期限の違いについて語るペトラグリン,にじさんじ,ペトラグリン
scarily,恐ろしく,中級,副詞,"I might have gone 'scarily' with the joke, but it was funny.",https://youtu.be/-OtrDCWy9Co,日本とアメリカのパンの消費期限の違いについて語るペトラグリン,にじさんじ,ペトラグリン
expiration date,賞味期限,上級,フレーズ,"Today's topic is my 'expiration date', something I’ve been working on off stream.",https://youtu.be/-OtrDCWy9Co,日本とアメリカのパンの消費期限の違いについて語るペトラグリン,にじさんじ,ペトラグリン
last,続く、持続する,初級,名詞,I gave a quick explanation of the 'last' before the game started.,https://youtu.be/-OtrDCWy9Co,日本とアメリカのパンの消費期限の違いについて語るペトラグリン,にじさんじ,ペトラグリン
lick,舐める,初級,名詞,I gave a quick explanation of the 'lick' before the game started.,https://youtu.be/-OtrDCWy9Co,日本とアメリカのパンの消費期限の違いについて語るペトラグリン,にじさんじ,ペトラグリン
keyboard,キーボード,中級,名詞,I gave a quick explanation of the 'keyboard' before the game started.,https://youtu.be/-OtrDCWy9Co,日本とアメリカのパンの消費期限の違いについて語るペトラグリン,にじさんじ,ペトラグリン
jealous,嫉妬する,中級,形容詞,The sound was 'jealous' so I had to fix it before streaming.,https://youtu.be/-OtrDCWy9Co,日本とアメリカのパンの消費期限の違いについて語るペトラグリン,にじさんじ,ペトラグリン
hot,セクシーな、熱い,初級,名詞,I gave a quick explanation of the 'hot' before the game started.,https://youtu.be/-OtrDCWy9Co,日本とアメリカのパンの消費期限の違いについて語るペトラグリン,にじさんじ,ペトラグリン
gross,いやらしい、不快な,初級,名詞,I gave a quick explanation of the 'gross' before the game started.,https://youtu.be/-OtrDCWy9Co,日本とアメリカのパンの消費期限の違いについて語るペトラグリン,にじさんじ,ペトラグリン
nasty,不快な、いやらしい,初級,名詞,I gave a quick explanation of the 'nasty' before the game started.,https://youtu.be/-OtrDCWy9Co,日本とアメリカのパンの消費期限の違いについて語るペトラグリン,にじさんじ,ペトラグリン
put myself back,自分を元に戻す,上級,フレーズ,"Today's topic is my 'put myself back', something I’ve been working on off stream.",https://youtu.be/fH52x36P-L4,生まれ変わったら金持ちの子になりたいペトラグリン,にじさんじ,ペトラグリン
casual trauma,軽めのトラウマ,上級,フレーズ,"Today's topic is my 'casual trauma', something I’ve been working on off stream.",https://youtu.be/fH52x36P-L4,生まれ変わったら金持ちの子になりたいペトラグリン,にじさんじ,ペトラグリン
BGM (Background Music),BGM、背景音楽,上級,フレーズ,"Today's topic is my 'BGM (Background Music)', something I’ve been working on off stream.",https://youtu.be/fH52x36P-L4,生まれ変わったら金持ちの子になりたいペトラグリン,にじさんじ,ペトラグリン
incompetent,無能,上級,形容詞,The sound was 'incompetent' so I had to fix it before streaming.,https://youtu.be/fH52x36P-L4,生まれ変わったら金持ちの子になりたいペトラグリン,にじさんじ,ペトラグリン
take time off,休む、休暇を取る,上級,フレーズ,"Today's topic is my 'take time off', something I’ve been working on off stream.",https://youtu.be/fH52x36P-L4,生まれ変わったら金持ちの子になりたいペトラグリン,にじさんじ,ペトラグリン
reincarnated,転生した,上級,形容詞,The sound was 'reincarnated' so I had to fix it before streaming.,https://youtu.be/fH52x36P-L4,生まれ変わったら金持ちの子になりたいペトラグリン,にじさんじ,ペトラグリン
medical procedures,医療処置,上級,フレーズ,"Today's topic is my 'medical procedures', something I’ve been working on off stream.",https://youtu.be/fH52x36P-L4,生まれ変わったら金持ちの子になりたいペトラグリン,にじさんじ,ペトラグリン
bolt my door,ドアに鍵をかける,上級,フレーズ,"Today's topic is my 'bolt my door', something I’ve been working on off stream.",https://youtu.be/fH52x36P-L4,生まれ変わったら金持ちの子になりたいペトラグリン,にじさんじ,ペトラグリン
lock my door,ドアに鍵をかける,上級,フレーズ,"Today's topic is my 'lock my door', something I’ve been working on off stream.",https://youtu.be/fH52x36P-L4,生まれ変わったら金持ちの子になりたいペトラグリン,にじさんじ,ペトラグリン
replies,返信,中級,名詞,I gave a quick explanation of the 'replies' before the game started.,https://youtu.be/fH52x36P-L4,生まれ変わったら金持ちの子になりたいペトラグリン,にじさんじ,ペトラグリン
on repeat,繰り返し,中級,フレーズ,"Today's topic is my 'on repeat', something I’ve been working on off stream.",https://youtu.be/fH52x36P-L4,生まれ変わったら金持ちの子になりたいペトラグリン,にじさんじ,ペトラグリン
music video,ミュージックビデオ,上級,フレーズ,"Today's topic is my 'music video', something I’ve been working on off stream.",https://youtu.be/fH52x36P-L4,生まれ変わったら金持ちの子になりたいペトラグリン,にじさんじ,ペトラグリン
hints at,～をほのめかす,中級,フレーズ,"Today's topic is my 'hints at', something I’ve been working on off stream.",https://youtu.be/fH52x36P-L4,生まれ変わったら金持ちの子になりたいペトラグリン,にじさんじ,ペトラグリン
spoiler warning,ネタバレ警告,上級,フレーズ,"Today's topic is my 'spoiler warning', something I’ve been working on off stream.",https://youtu.be/fH52x36P-L4,生まれ変わったら金持ちの子になりたいペトラグリン,にじさんじ,ペトラグリン
feel a lot of things,多くの感情を抱く,上級,フレーズ,"Today's topic is my 'feel a lot of things', something I’ve been working on off stream.",https://youtu.be/fH52x36P-L4,生まれ変わったら金持ちの子になりたいペトラグリン,にじさんじ,ペトラグリン
relatable,共感できる、共感性のある,中級,形容詞,The sound was 'relatable' so I had to fix it before streaming.,https://youtu.be/fH52x36P-L4,生まれ変わったら金持ちの子になりたいペトラグリン,にじさんじ,ペトラグリン
reincarnation,転生,上級,名詞,I gave a quick explanation of the 'reincarnation' before the game started.,https://youtu.be/fH52x36P-L4,生まれ変わったら金持ちの子になりたいペトラグリン,にじさんじ,ペトラグリン
leave me out of it,私を関与させないで,上級,フレーズ,"Today's topic is my 'leave me out of it', something I’ve been working on off stream.",https://youtu.be/fH52x36P-L4,生まれ変わったら金持ちの子になりたいペトラグリン,にじさんじ,ペトラグリン
CEO (Chief Executive Officer),CEO、最高経営責任者,上級,フレーズ,"Today's topic is my 'CEO (Chief Executive Officer)', something I’ve been working on off stream.",https://youtu.be/fH52x36P-L4,生まれ変わったら金持ちの子になりたいペトラグリン,にじさんじ,ペトラグリン
surreal,非現実的な、現実離れした,中級,形容詞,The sound was 'surreal' so I had to fix it before streaming.,https://youtu.be/fH52x36P-L4,生まれ変わったら金持ちの子になりたいペトラグリン,にじさんじ,ペトラグリン
Hello,こんにちは,初級,名詞,I gave a quick explanation of the 'Hello' before the game started.,https://youtu.be/sEeed2OL1CA,乙女ゲーやってたら日本語が流暢になっていたペトラ,にじさんじ,ペトラグリン
cringe,恥ずかしい、気まずい,中級,名詞,I gave a quick explanation of the 'cringe' before the game started.,https://youtu.be/sEeed2OL1CA,乙女ゲーやってたら日本語が流暢になっていたペトラ,にじさんじ,ペトラグリン
subscribe,登録する,中級,名詞,I gave a quick explanation of the 'subscribe' before the game started.,https://youtu.be/sEeed2OL1CA,乙女ゲーやってたら日本語が流暢になっていたペトラ,にじさんじ,ペトラグリン
free chat,フリーチャット、自由に話す時間,中級,フレーズ,"Today's topic is my 'free chat', something I’ve been working on off stream.",https://youtu.be/sEeed2OL1CA,乙女ゲーやってたら日本語が流暢になっていたペトラ,にじさんじ,ペトラグリン
schedule,スケジュール、予定,中級,名詞,I gave a quick explanation of the 'schedule' before the game started.,https://youtu.be/sEeed2OL1CA,乙女ゲーやってたら日本語が流暢になっていたペトラ,にじさんじ,ペトラグリン
go big or go home,大胆にやる、あるいはやらない,上級,フレーズ,"Today's topic is my 'go big or go home', something I’ve been working on off stream.",https://youtu.be/sEeed2OL1CA,乙女ゲーやってたら日本語が流暢になっていたペトラ,にじさんじ,ペトラグリン
collab (collaboration),コラボ（協力）,上級,フレーズ,"Today's topic is my 'collab (collaboration)', something I’ve been working on off stream.",https://youtu.be/sEeed2OL1CA,乙女ゲーやってたら日本語が流暢になっていたペトラ,にじさんじ,ペトラグリン
public speaking,公の場での話すこと、スピーチ,上級,フレーズ,"Today's topic is my 'public speaking', something I’ve been working on off stream.",https://youtu.be/sEeed2OL1CA,乙女ゲーやってたら日本語が流暢になっていたペトラ,にじさんじ,ペトラグリン
controller,コントローラー（ゲームの操作装置）,上級,名詞,I gave a quick explanation of the 'controller' before the game started.,https://youtu.be/sEeed2OL1CA,乙女ゲーやってたら日本語が流暢になっていたペトラ,にじさんじ,ペトラグリン
horror game,ホラーゲーム,上級,フレーズ,"Today's topic is my 'horror game', something I’ve been working on off stream.",https://youtu.be/sEeed2OL1CA,乙女ゲーやってたら日本語が流暢になっていたペトラ,にじさんじ,ペトラグリン
decent at games,ゲームがまあまあできる,上級,フレーズ,"Today's topic is my 'decent at games', something I’ve been working on off stream.",https://youtu.be/sEeed2OL1CA,乙女ゲーやってたら日本語が流暢になっていたペトラ,にじさんじ,ペトラグリン
original song,オリジナル曲,上級,フレーズ,"Today's topic is my 'original song', something I’ve been working on off stream.",https://youtu.be/sEeed2OL1CA,乙女ゲーやってたら日本語が流暢になっていたペトラ,にじさんじ,ペトラグリン
responsibility,責任,上級,名詞,I gave a quick explanation of the 'responsibility' before the game started.,https://youtu.be/sEeed2OL1CA,乙女ゲーやってたら日本語が流暢になっていたペトラ,にじさんじ,ペトラグリン
memes,ミーム（ネットで流行る話題やイメージ）,初級,名詞,I gave a quick explanation of the 'memes' before the game started.,https://youtu.be/sEeed2OL1CA,乙女ゲーやってたら日本語が流暢になっていたペトラ,にじさんじ,ペトラグリン
fanart,ファンアート,中級,名詞,I gave a quick explanation of the 'fanart' before the game started.,https://youtu.be/sEeed2OL1CA,乙女ゲーやってたら日本語が流暢になっていたペトラ,にじさんじ,ペトラグリン
guardians,保護者,中級,名詞,I gave a quick explanation of the 'guardians' before the game started.,https://youtu.be/sEeed2OL1CA,乙女ゲーやってたら日本語が流暢になっていたペトラ,にじさんじ,ペトラグリン
sensitive content,敏感な内容,上級,フレーズ,"Today's topic is my 'sensitive content', something I’ve been working on off stream.",https://youtu.be/sEeed2OL1CA,乙女ゲーやってたら日本語が流暢になっていたペトラ,にじさんじ,ペトラグリン
NSFW (Not Safe for Work),職場で見るにはふさわしくない,上級,フレーズ,"Today's topic is my 'NSFW (Not Safe for Work)', something I’ve been working on off stream.",https://youtu.be/sEeed2OL1CA,乙女ゲーやってたら日本語が流暢になっていたペトラ,にじさんじ,ペトラグリン
tags,タグ（ラベル、分類）,初級,名詞,I gave a quick explanation of the 'tags' before the game started.,https://youtu.be/sEeed2OL1CA,乙女ゲーやってたら日本語が流暢になっていたペトラ,にじさんじ,ペトラグリン
self-explanatory,自己説明的、説明不要,上級,名詞,I gave a quick explanation of the 'self-explanatory' before the game started.,https://youtu.be/sEeed2OL1CA,乙女ゲーやってたら日本語が流暢になっていたペトラ,にじさんじ,ペトラグリン
genuine,本物の、真実の,中級,名詞,I gave a quick explanation of the 'genuine' before the game started.,https://youtu.be/sEeed2OL1CA,乙女ゲーやってたら日本語が流暢になっていたペトラ,にじさんじ,ペトラグリン
keiyakusha,契約者（ファンクラブ名など）,上級,名詞,I gave a quick explanation of the 'keiyakusha' before the game started.,https://youtu.be/sEeed2OL1CA,乙女ゲーやってたら日本語が流暢になっていたペトラ,にじさんじ,ペトラグリン
stan (someone),（誰か）の熱烈なファンである,上級,フレーズ,"Today's topic is my 'stan (someone)', something I’ve been working on off stream.",https://youtu.be/sEeed2OL1CA,乙女ゲーやってたら日本語が流暢になっていたペトラ,にじさんじ,ペトラグリン
lurking,潜む、待ち伏せる（ここではインターネットスラングとしての意味「見ているだけで発言しないユーザー」）,中級,名詞,I gave a quick explanation of the 'lurking' before the game started.,https://youtu.be/sEeed2OL1CA,乙女ゲーやってたら日本語が流暢になっていたペトラ,にじさんじ,ペトラグリン
overlay,オーバーレイ（画面上に重ねて表示するもの）,中級,名詞,I gave a quick explanation of the 'overlay' before the game started.,https://youtu.be/sEeed2OL1CA,乙女ゲーやってたら日本語が流暢になっていたペトラ,にじさんじ,ペトラグリン
composing,作曲,中級,名詞,I gave a quick explanation of the 'composing' before the game started.,https://youtu.be/sEeed2OL1CA,乙女ゲーやってたら日本語が流暢になっていたペトラ,にじさんじ,ペトラグリン
conquer,克服する,中級,名詞,I gave a quick explanation of the 'conquer' before the game started.,https://youtu.be/sEeed2OL1CA,乙女ゲーやってたら日本語が流暢になっていたペトラ,にじさんじ,ペトラグリン
dislike,嫌い,中級,名詞,I gave a quick explanation of the 'dislike' before the game started.,https://youtu.be/sEeed2OL1CA,乙女ゲーやってたら日本語が流暢になっていたペトラ,にじさんじ,ペトラグリン
composer,作曲家,中級,名詞,I gave a quick explanation of the 'composer' before the game started.,https://youtu.be/sEeed2OL1CA,乙女ゲーやってたら日本語が流暢になっていたペトラ,にじさんじ,ペトラグリン
suck (at something),(何かが)下手だ,上級,フレーズ,"Today's topic is my 'suck (at something)', something I’ve been working on off stream.",https://youtu.be/sEeed2OL1CA,乙女ゲーやってたら日本語が流暢になっていたペトラ,にじさんじ,ペトラグリン
challenging,挑戦的な,上級,名詞,I gave a quick explanation of the 'challenging' before the game started.,https://youtu.be/sEeed2OL1CA,乙女ゲーやってたら日本語が流暢になっていたペトラ,にじさんじ,ペトラグリン
impression,印象、模倣,上級,名詞,I gave a quick explanation of the 'impression' before the game started.,https://youtu.be/sEeed2OL1CA,乙女ゲーやってたら日本語が流暢になっていたペトラ,にじさんじ,ペトラグリン
genre,ジャンル,初級,名詞,I gave a quick explanation of the 'genre' before the game started.,https://youtu.be/sEeed2OL1CA,乙女ゲーやってたら日本語が流暢になっていたペトラ,にじさんじ,ペトラグリン
indecisive,優柔不断な,上級,形容詞,The sound was 'indecisive' so I had to fix it before streaming.,https://youtu.be/sEeed2OL1CA,乙女ゲーやってたら日本語が流暢になっていたペトラ,にじさんじ,ペトラグリン
fluently,流暢に,中級,副詞,"I might have gone 'fluently' with the joke, but it was funny.",https://youtu.be/sEeed2OL1CA,乙女ゲーやってたら日本語が流暢になっていたペトラ,にじさんじ,ペトラグリン
determination,決意,上級,名詞,I gave a quick explanation of the 'determination' before the game started.,https://youtu.be/sEeed2OL1CA,乙女ゲーやってたら日本語が流暢になっていたペトラ,にじさんじ,ペトラグリン
proficiency,熟達度,上級,名詞,I gave a quick explanation of the 'proficiency' before the game started.,https://youtu.be/sEeed2OL1CA,乙女ゲーやってたら日本語が流暢になっていたペトラ,にじさんじ,ペトラグリン
contrary to,〜と反対に,上級,フレーズ,"Today's topic is my 'contrary to', something I’ve been working on off stream.",https://youtu.be/sEeed2OL1CA,乙女ゲーやってたら日本語が流暢になっていたペトラ,にじさんじ,ペトラグリン
occupation,職業,上級,名詞,I gave a quick explanation of the 'occupation' before the game started.,https://youtu.be/sEeed2OL1CA,乙女ゲーやってたら日本語が流暢になっていたペトラ,にじさんじ,ペトラグリン
lagging,遅れる、引っかかる,中級,名詞,I gave a quick explanation of the 'lagging' before the game started.,https://youtu.be/sEeed2OL1CA,乙女ゲーやってたら日本語が流暢になっていたペトラ,にじさんじ,ペトラグリン
zooming through,素早く進める,上級,フレーズ,"Today's topic is my 'zooming through', something I’ve been working on off stream.",https://youtu.be/sEeed2OL1CA,乙女ゲーやってたら日本語が流暢になっていたペトラ,にじさんじ,ペトラグリン
excited,興奮して,中級,形容詞,The sound was 'excited' so I had to fix it before streaming.,https://youtu.be/sEeed2OL1CA,乙女ゲーやってたら日本語が流暢になっていたペトラ,にじさんじ,ペトラグリン
cooperate,協力する,中級,動詞,"If we 'cooperate' on this, the collab will go smoother on stream.",https://youtu.be/sEeed2OL1CA,乙女ゲーやってたら日本語が流暢になっていたペトラ,にじさんじ,ペトラグリン
technological difficulties,技術的な困難,上級,フレーズ,"Today's topic is my 'technological difficulties', something I’ve been working on off stream.",https://youtu.be/sEeed2OL1CA,乙女ゲーやってたら日本語が流暢になっていたペトラ,にじさんじ,ペトラグリン
stream,配信,中級,名詞,I gave a quick explanation of the 'stream' before the game started.,https://youtu.be/sEeed2OL1CA,乙女ゲーやってたら日本語が流暢になっていたペトラ,にじさんじ,ペトラグリン
debut,デビュー,初級,名詞,I gave a quick explanation of the 'debut' before the game started.,https://youtu.be/sEeed2OL1CA,乙女ゲーやってたら日本語が流暢になっていたペトラ,にじさんじ,ペトラグリン
nervous,緊張した,中級,形容詞,The sound was 'nervous' so I had to fix it before streaming.,https://youtu.be/sEeed2OL1CA,乙女ゲーやってたら日本語が流暢になっていたペトラ,にじさんじ,ペトラグリン
unidentified,特定されていない,上級,形容詞,The sound was 'unidentified' so I had to fix it before streaming.,https://youtu.be/_1AGscM2wL4,ペトラ デビュー配信,にじさんじ,ペトラグリン
subject,対象者,初級,名詞,I gave a quick explanation of the 'subject' before the game started.,https://youtu.be/_1AGscM2wL4,ペトラ デビュー配信,にじさんじ,ペトラグリン
classified,分類された,上級,形容詞,The sound was 'classified' so I had to fix it before streaming.,https://youtu.be/_1AGscM2wL4,ペトラ デビュー配信,にじさんじ,ペトラグリン
cooperate,協力する,中級,動詞,"If we 'cooperate' on this, the collab will go smoother on stream.",https://youtu.be/_1AGscM2wL4,ペトラ デビュー配信,にじさんじ,ペトラグリン
assignment,任務,中級,名詞,I gave a quick explanation of the 'assignment' before the game started.,https://youtu.be/_1AGscM2wL4,ペトラ デビュー配信,にじさんじ,ペトラグリン
debut,デビューする,初級,名詞,I gave a quick explanation of the 'debut' before the game started.,https://youtu.be/_1AGscM2wL4,ペトラ デビュー配信,にじさんじ,ペトラグリン
diverse groups,多様なグループ,上級,フレーズ,"Today's topic is my 'diverse groups', something I’ve been working on off stream.",https://youtu.be/_1AGscM2wL4,ペトラ デビュー配信,にじさんじ,ペトラグリン
nervous,緊張して,中級,形容詞,The sound was 'nervous' so I had to fix it before streaming.,https://youtu.be/_1AGscM2wL4,ペトラ デビュー配信,にじさんじ,ペトラグリン
progress,進行,中級,名詞,I gave a quick explanation of the 'progress' before the game started.,https://youtu.be/_1AGscM2wL4,ペトラ デビュー配信,にじさんじ,ペトラグリン
socialization,社会化,上級,名詞,I gave a quick explanation of the 'socialization' before the game started.,https://youtu.be/_1AGscM2wL4,ペトラ デビュー配信,にじさんじ,ペトラグリン
expertise,専門知識,中級,動詞,"If we 'expertise' on this, the collab will go smoother on stream.",https://youtu.be/_1AGscM2wL4,ペトラ デビュー配信,にじさんじ,ペトラグリン
panic,パニックになる,初級,形容詞,The sound was 'panic' so I had to fix it before streaming.,https://youtu.be/_1AGscM2wL4,ペトラ デビュー配信,にじさんじ,ペトラグリン
rarest,最も珍しい,中級,名詞,I gave a quick explanation of the 'rarest' before the game started.,https://youtu.be/_1AGscM2wL4,ペトラ デビュー配信,にじさんじ,ペトラグリン
review,検討する,中級,名詞,I gave a quick explanation of the 'review' before the game started.,https://youtu.be/_1AGscM2wL4,ペトラ デビュー配信,にじさんじ,ペトラグリン
impressive,印象的な,上級,形容詞,The sound was 'impressive' so I had to fix it before streaming.,https://youtu.be/_1AGscM2wL4,ペトラ デビュー配信,にじさんじ,ペトラグリン
resume,履歴書,中級,名詞,I gave a quick explanation of the 'resume' before the game started.,https://youtu.be/_1AGscM2wL4,ペトラ デビュー配信,にじさんじ,ペトラグリン
adapt,適応する,初級,名詞,I gave a quick explanation of the 'adapt' before the game started.,https://youtu.be/_1AGscM2wL4,ペトラ デビュー配信,にじさんじ,ペトラグリン
existences,存在,上級,名詞,I gave a quick explanation of the 'existences' before the game started.,https://youtu.be/_1AGscM2wL4,ペトラ デビュー配信,にじさんじ,ペトラグリン
researchers,研究者,上級,名詞,I gave a quick explanation of the 'researchers' before the game started.,https://youtu.be/_1AGscM2wL4,ペトラ デビュー配信,にじさんじ,ペトラグリン
isolation,隔離,中級,名詞,I gave a quick explanation of the 'isolation' before the game started.,https://youtu.be/_1AGscM2wL4,ペトラ デビュー配信,にじさんじ,ペトラグリン
protection program,保護プログラム,上級,フレーズ,"Today's topic is my 'protection program', something I’ve been working on off stream.",https://youtu.be/_1AGscM2wL4,ペトラ デビュー配信,にじさんじ,ペトラグリン
consent,同意,中級,形容詞,The sound was 'consent' so I had to fix it before streaming.,https://youtu.be/_1AGscM2wL4,ペトラ デビュー配信,にじさんじ,ペトラグリン
aquatic life form,水生生物,上級,フレーズ,"Today's topic is my 'aquatic life form', something I’ve been working on off stream.",https://youtu.be/_1AGscM2wL4,ペトラ デビュー配信,にじさんじ,ペトラグリン
proficiency,習熟度、堪能さ,中級,名詞,In order of proficiency,https://youtu.be/cG1mzF2rc4M,ペトラ 2ndデビュー配信,にじさんじ,ペトラグリン
In order of proficiency,習熟度順に,中級,フレーズ,In order of proficiency,https://youtu.be/cG1mzF2rc4M,ペトラ 2ndデビュー配信,にじさんじ,ペトラグリン
languages,言語,初級,名詞,Languages,https://youtu.be/cG1mzF2rc4M,ペトラ 2ndデビュー配信,にじさんじ,ペトラグリン
English,英語,初級,名詞,English,https://youtu.be/cG1mzF2rc4M,ペトラ 2ndデビュー配信,にじさんじ,ペトラグリン
Japanese,日本語,初級,名詞,Japanese,https://youtu.be/cG1mzF2rc4M,ペトラ 2ndデビュー配信,にじさんじ,ペトラグリン
Chinese,中国語,初級,名詞,Chinese,https://youtu.be/cG1mzF2rc4M,ペトラ 2ndデビュー配信,にじさんじ,ペトラグリン
Basically,基本的に、要するに,中級,副詞,Basically,https://youtu.be/cG1mzF2rc4M,ペトラ 2ndデビュー配信,にじさんじ,ペトラグリン
In order of speaking,話す順に,中級,フレーズ,In order of speaking,https://youtu.be/cG1mzF2rc4M,ペトラ 2ndデビュー配信,にじさんじ,ペトラグリン
praise me more,もっと褒めてください,中級,フレーズ,You can praise me more,https://youtu.be/cG1mzF2rc4M,ペトラ 2ndデビュー配信,にじさんじ,ペトラグリン
By the way,ところで,中級,慣用句,By the way,https://youtu.be/cG1mzF2rc4M,ペトラ 2ndデビュー配信,にじさんじ,ペトラグリン
height,身長,初級,名詞,My height,https://youtu.be/cG1mzF2rc4M,ペトラ 2ndデビュー配信,にじさんじ,ペトラグリン
Embarrassing,恥ずかしい,中級,形容詞,Embarrassing,https://youtu.be/cG1mzF2rc4M,ペトラ 2ndデビュー配信,にじさんじ,ペトラグリン
forgot how embarrassing it is,どれだけ恥ずかしいか忘れていた,中級,フレーズ,I forgot how embarrassing it is,https://youtu.be/cG1mzF2rc4M,ペトラ 2ndデビュー配信,にじさんじ,ペトラグリン
To stream,配信する,中級,動詞,To stream,https://youtu.be/cG1mzF2rc4M,ペトラ 2ndデビュー配信,にじさんじ,ペトラグリン
This stuff is hard,これは大変だ,中級,フレーズ,This stuff is hard guys,https://youtu.be/cG1mzF2rc4M,ペトラ 2ndデビュー配信,にじさんじ,ペトラグリン
Amazing,すごい、素晴らしい,初級,形容詞,Amazing,https://youtu.be/cG1mzF2rc4M,ペトラ 2ndデビュー配信,にじさんじ,ペトラグリン
praise,褒める,初級,動詞,You can praise me more,https://youtu.be/cG1mzF2rc4M,ペトラ 2ndデビュー配信,にじさんじ,ペトラグリン
grow,成長する,初級,動詞,I want to grow,https://youtu.be/cG1mzF2rc4M,ペトラ 2ndデビュー配信,にじさんじ,ペトラグリン
"Well, I can speak",ええと、話せます,初級,フレーズ,"Well, I can speak",https://youtu.be/cG1mzF2rc4M,ペトラ 2ndデビュー配信,にじさんじ,ペトラグリン
I don't speak,話しません,初級,フレーズ,I don't speak,https://youtu.be/cG1mzF2rc4M,ペトラ 2ndデビュー配信,にじさんじ,ペトラグリン
I don't know,分かりません,初級,フレーズ,I don't know,https://youtu.be/cG1mzF2rc4M,ペトラ 2ndデビュー配信,にじさんじ,ペトラグリン
That much,それほど多く,初級,フレーズ,That much,https://youtu.be/cG1mzF2rc4M,ペトラ 2ndデビュー配信,にじさんじ,ペトラグリン
moving the fuck on,（もう）次へ進む,上級,慣用句,Alright moving the fuck on,https://youtu.be/cG1mzF2rc4M,ペトラ 2ndデビュー配信,にじさんじ,ペトラグリン
transition,切り替え、移行,中級,名詞,There's no transition,https://youtu.be/cG1mzF2rc4M,ペトラ 2ndデビュー配信,にじさんじ,ペトラグリン
Cool I guess,まあいいか,中級,フレーズ,Cool I guess,https://youtu.be/cG1mzF2rc4M,ペトラ 2ndデビュー配信,にじさんじ,ペトラグリン
Praise,褒め言葉、賞賛,中級,名詞,Thank you very much for your Praise,https://youtu.be/cG1mzF2rc4M,ペトラ 2ndデビュー配信,にじさんじ,ペトラグリン
Cantonese,広東語,中級,名詞,I can speak a little Cantonese,https://youtu.be/cG1mzF2rc4M,ペトラ 2ndデビュー配信,にじさんじ,ペトラグリン
Hello everyone,皆さんこんにちは,初級,フレーズ,Hello everyone,https://youtu.be/cG1mzF2rc4M,ペトラ 2ndデビュー配信,にじさんじ,ペトラグリン
Thank you everyone,皆さんありがとう,初級,フレーズ,Thank you everyone,https://youtu.be/cG1mzF2rc4M,ペトラ 2ndデビュー配信,にじさんじ,ペトラグリン
I can't do this,私にはできません,初級,フレーズ,I can't do this,https://youtu.be/cG1mzF2rc4M,ペトラ 2ndデビュー配信,にじさんじ,ペトラグリン
very well,とても上手に,初級,副詞,But I don't speak very well,https://youtu.be/cG1mzF2rc4M,ペトラ 2ndデビュー配信,にじさんじ,ペトラグリン
Not gonna lie,正直に言うと、嘘じゃない,中級,慣用句,"Not gonna lie, I forgot how much this penguin can yap.",https://youtu.be/cG1mzF2rc4M,ペトラ 2ndデビュー配信,にじさんじ,ペトラグリン
yap,おしゃべりする、ぺちゃくちゃ話す,上級,動詞,I forgot how much this penguin can yap.,https://youtu.be/cG1mzF2rc4M,ペトラ 2ndデビュー配信,にじさんじ,ペトラグリン
obviously,明らかに、もちろん,中級,副詞,"Like, obviously, I yap with my friends,",https://youtu.be/cG1mzF2rc4M,ペトラ 2ndデビュー配信,にじさんじ,ペトラグリン
two-way conversation,双方向の会話,中級,名詞,"it's like a two-way conversation, right?",https://youtu.be/cG1mzF2rc4M,ペトラ 2ndデビュー配信,にじさんじ,ペトラグリン
not to get too deep into things,あまり深入りしないように,上級,慣用句,"All right, guys, not to get too deep into things,",https://youtu.be/cG1mzF2rc4M,ペトラ 2ndデビュー配信,にじさんじ,ペトラグリン
extreme degree,極端なほどに,上級,フレーズ,but I feel like I have it to an extreme degree,https://youtu.be/cG1mzF2rc4M,ペトラ 2ndデビュー配信,にじさんじ,ペトラグリン
hang out with,〜とつるむ、遊ぶ,中級,句動詞,where I hang out with people.,https://youtu.be/cG1mzF2rc4M,ペトラ 2ndデビュー配信,にじさんじ,ペトラグリン
What is wrong with you?,どうしたの？、あなたどうしたの？,中級,慣用句,What is wrong with you?,https://youtu.be/cG1mzF2rc4M,ペトラ 2ndデビュー配信,にじさんじ,ペトラグリン
keep asking,繰り返し頼む,中級,句動詞,"my friends keep asking me to hang out again,",https://youtu.be/cG1mzF2rc4M,ペトラ 2ndデビュー配信,にじさんじ,ペトラグリン
assuming,〜だと仮定して,中級,動詞,"so I'm assuming they don't hate me,",https://youtu.be/cG1mzF2rc4M,ペトラ 2ndデビュー配信,にじさんじ,ペトラグリン
Me too,私も,初級,フレーズ,Me too!,https://youtu.be/cG1mzF2rc4M,ペトラ 2ndデビュー配信,にじさんじ,ペトラグリン
have a good time,楽しい時間を過ごす,初級,フレーズ,I have a good time hanging out with people.,https://youtu.be/cG1mzF2rc4M,ペトラ 2ndデビュー配信,にじさんじ,ペトラグリン
come home,家に帰る,初級,句動詞,"I come home and I'm like, they hate me.",https://youtu.be/cG1mzF2rc4M,ペトラ 2ndデビュー配信,にじさんじ,ペトラグリン
I want to think,〜したいと思う,初級,フレーズ,"I want to think they don't actually think that,",https://youtu.be/cG1mzF2rc4M,ペトラ 2ndデビュー配信,にじさんじ,ペトラグリン
every time,毎回,初級,フレーズ,"but every time I come home, I'm like,",https://youtu.be/cG1mzF2rc4M,ペトラ 2ndデビュー配信,にじさんじ,ペトラグリン
keep asking me to hang out,遊びに誘い続ける,中級,フレーズ,"my friends keep asking me to hang out again,",https://youtu.be/cG1mzF2rc4M,ペトラ 2ndデビュー配信,にじさんじ,ペトラグリン
self-conscious,自意識過剰な、人目を気にする,中級,形容詞,"So like, I am a little self-conscious when I talk to people,",https://youtu.be/cG1mzF2rc4M,ペトラ 2ndデビュー配信,にじさんじ,ペトラグリン
on stream,配信中に,中級,フレーズ,"but like, on stream, it's literally just me.",https://youtu.be/cG1mzF2rc4M,ペトラ 2ndデビュー配信,にじさんじ,ペトラグリン
literally,文字通り、本当に,中級,副詞,"but like, on stream, it's literally just me.",https://youtu.be/cG1mzF2rc4M,ペトラ 2ndデビュー配信,にじさんじ,ペトラグリン
stop me from yappin',私がぺちゃくちゃ話すのを止める,上級,フレーズ,"No one, you know, no one's gonna stop me from yappin' forever.",https://youtu.be/cG1mzF2rc4M,ペトラ 2ndデビュー配信,にじさんじ,ペトラグリン
Nobody cares,誰も気にしない,初級,フレーズ,"Nobody cares about what you said, Petra.",https://youtu.be/cG1mzF2rc4M,ペトラ 2ndデビュー配信,にじさんじ,ペトラグリン
Talking about,〜について話す,初級,句動詞,Why do you talk about...,https://youtu.be/cG1mzF2rc4M,ペトラ 2ndデビュー配信,にじさんじ,ペトラグリン
school assignments,学校の課題,中級,名詞,"Did you finish school assignments yet today, Petra?",https://youtu.be/cG1mzF2rc4M,ペトラ 2ndデビュー配信,にじさんじ,ペトラグリン
pretend,〜のふりをする,中級,動詞,so I'm gonna pretend there's nothing to do.,https://youtu.be/cG1mzF2rc4M,ペトラ 2ndデビュー配信,にじさんじ,ペトラグリン
yappers,おしゃべりな人たち,上級,名詞,"I'm a listener, so I like to be around yappers.",https://youtu.be/cG1mzF2rc4M,ペトラ 2ndデビュー配信,にじさんじ,ペトラグリン
bothering them,彼らを邪魔している、困らせている,中級,フレーズ,"maybe I'm bothering them or annoying them,",https://youtu.be/cG1mzF2rc4M,ペトラ 2ndデビュー配信,にじさんじ,ペトラグリン
annoying them,彼らをイライラさせている,中級,フレーズ,"maybe I'm bothering them or annoying them,",https://youtu.be/cG1mzF2rc4M,ペトラ 2ndデビュー配信,にじさんじ,ペトラグリン
get really excited,とても興奮する,中級,フレーズ,"or like, I get really excited and I talk over...",https://youtu.be/cG1mzF2rc4M,ペトラ 2ndデビュー配信,にじさんじ,ペトラグリン
talk over,〜の声を遮って話す,中級,句動詞,and I talk over...,https://youtu.be/cG1mzF2rc4M,ペトラ 2ndデビュー配信,にじさんじ,ペトラグリン
finish school assignments,学校の課題を終える,初級,フレーズ,"Did you finish school assignments yet today, Petra?",https://youtu.be/cG1mzF2rc4M,ペトラ 2ndデビュー配信,にじさんじ,ペトラグリン
nothing to do,することがない,初級,フレーズ,so I'm gonna pretend there's nothing to do.,https://youtu.be/cG1mzF2rc4M,ペトラ 2ndデビュー配信,にじさんじ,ペトラグリン
listener,聞き手,初級,名詞,"I'm a listener, so I like to be around yappers.",https://youtu.be/cG1mzF2rc4M,ペトラ 2ndデビュー配信,にじさんじ,ペトラグリン
closer to you,あなたに近い,初級,フレーズ,"but I have friends who are probably like closer to you as well,",https://youtu.be/cG1mzF2rc4M,ペトラ 2ndデビュー配信,にじさんじ,ペトラグリン
around yappers,おしゃべりな人たちの周りに,中級,フレーズ,so I like to be around yappers.,https://youtu.be/cG1mzF2rc4M,ペトラ 2ndデビュー配信,にじさんじ,ペトラグリン
get excited,興奮する,初級,フレーズ,I get really excited and I talk over...,https://youtu.be/cG1mzF2rc4M,ペトラ 2ndデビュー配信,にじさんじ,ペトラグリン
cut someone off,人の話を遮る,中級,句動詞,"but like, I might cut someone off a little by accident,",https://youtu.be/cG1mzF2rc4M,ペトラ 2ndデビュー配信,にじさんじ,ペトラグリン
by accident,誤って、うっかり,中級,慣用句,"but like, I might cut someone off a little by accident,",https://youtu.be/cG1mzF2rc4M,ペトラ 2ndデビュー配信,にじさんじ,ペトラグリン
accidentally,うっかり、偶然に,中級,副詞,"you know, I accidentally cut someone off,",https://youtu.be/cG1mzF2rc4M,ペトラ 2ndデビュー配信,にじさんじ,ペトラグリン
ounce of interest,少しの興味、わずかな関心,上級,慣用句,especially if they like show even like an ounce of interest in what I'm talking about.,https://youtu.be/cG1mzF2rc4M,ペトラ 2ndデビュー配信,にじさんじ,ペトラグリン
yapper,おしゃべりな人,上級,名詞,"Anyway, yep, I'm the yapper.",https://youtu.be/cG1mzF2rc4M,ペトラ 2ndデビュー配信,にじさんじ,ペトラグリン
I'm so sorry,本当にごめんなさい,初級,フレーズ,"Oh my God, I'm so sorry.",https://youtu.be/cG1mzF2rc4M,ペトラ 2ndデビュー配信,にじさんじ,ペトラグリン
love talking to people,人と話すのが大好き,初級,フレーズ,"I just love talking to people,",https://youtu.be/cG1mzF2rc4M,ペトラ 2ndデビュー配信,にじさんじ,ペトラグリン
Where did that come from?,どうしてそんな話になったの？、突然どうしたの？,中級,慣用句,Where did that come from?,https://youtu.be/cG1mzF2rc4M,ペトラ 2ndデビュー配信,にじさんじ,ペトラグリン
meme,ミーム,中級,名詞,"And from Haikyuu, is it like the meme?",https://youtu.be/cG1mzF2rc4M,ペトラ 2ndデビュー配信,にじさんじ,ペトラグリン
anime villains,アニメの悪役,中級,名詞,"top four anime villains,",https://youtu.be/cG1mzF2rc4M,ペトラ 2ndデビュー配信,にじさんじ,ペトラグリン
Oshi,推し（一番好きなキャラクター・アイドルなど）,上級,名詞,"That's my Oshi, by the way.",https://youtu.be/cG1mzF2rc4M,ペトラ 2ndデビュー配信,にじさんじ,ペトラグリン
not even that bad,それほど悪くない,中級,フレーズ,He's not even that bad.,https://youtu.be/cG1mzF2rc4M,ペトラ 2ndデビュー配信,にじさんじ,ペトラグリン
introduced him,彼を紹介した,初級,フレーズ,"Even in the anime when they first introduced him, I feel like he wasn't bad.",https://youtu.be/cG1mzF2rc4M,ペトラ 2ndデビュー配信,にじさんじ,ペトラグリン
English section,英語セクション,中級,名詞,"So, in the English section,",https://youtu.be/cG1mzF2rc4M,ペトラ 2ndデビュー配信,にじさんじ,ペトラグリン
real murderers,実際の殺人犯,中級,名詞,"and there were like, real murderers,",https://youtu.be/cG1mzF2rc4M,ペトラ 2ndデビュー配信,にじさんじ,ペトラグリン
first introduced,初めて紹介された,中級,フレーズ,"Even in the anime when they first introduced him, I feel like he wasn't bad.",https://youtu.be/cG1mzF2rc4M,ペトラ 2ndデビュー配信,にじさんじ,ペトラグリン
explain,説明する,中級,動詞,"I try to explain an English meme or joke in Japanese, it's so hard.",https://youtu.be/cG1mzF2rc4M,ペトラ 2ndデビュー配信,にじさんじ,ペトラグリン
humor,ユーモア、面白さ,中級,名詞,"The humor between like, English communities and Japanese communities is also so different that it's like...",https://youtu.be/cG1mzF2rc4M,ペトラ 2ndデビュー配信,にじさんじ,ペトラグリン
communities,コミュニティ、共同体,中級,名詞,English communities and Japanese communities,https://youtu.be/cG1mzF2rc4M,ペトラ 2ndデビュー配信,にじさんじ,ペトラグリン
Are you aware of that?,それに気づいていますか？,中級,フレーズ,Are you aware of that?,https://youtu.be/cG1mzF2rc4M,ペトラ 2ndデビュー配信,にじさんじ,ペトラグリン
Hold on,ちょっと待って,初級,句動詞,Hold on.,https://youtu.be/cG1mzF2rc4M,ペトラ 2ndデビュー配信,にじさんじ,ペトラグリン
good eyes,目が良い、よく見つける,中級,フレーズ,You guys have such good eyes.,https://youtu.be/cG1mzF2rc4M,ペトラ 2ndデビュー配信,にじさんじ,ペトラグリン
different,異なる,初級,形容詞,English communities and Japanese communities is also so different,https://youtu.be/cG1mzF2rc4M,ペトラ 2ndデビュー配信,にじさんじ,ペトラグリン
find him,彼を見つける,初級,句動詞,I can't find him.,https://youtu.be/cG1mzF2rc4M,ペトラ 2ndデビュー配信,にじさんじ,ペトラグリン
looks kind of fake,少し偽物のように見える,中級,フレーズ,It looks kind of fake.,https://youtu.be/cG1mzF2rc4M,ペトラ 2ndデビュー配信,にじさんじ,ペトラグリン
fake,偽物、偽の,初級,形容詞,It looks kind of fake.,https://youtu.be/cG1mzF2rc4M,ペトラ 2ndデビュー配信,にじさんじ,ペトラグリン
Sudden noises,突然の物音,中級,名詞,Sudden noises in my house because who...,https://youtu.be/cG1mzF2rc4M,ペトラ 2ndデビュー配信,にじさんじ,ペトラグリン
upstairs,上の階に、階上へ,中級,副詞,I think it's from upstairs.,https://youtu.be/cG1mzF2rc4M,ペトラ 2ndデビュー配信,にじさんじ,ペトラグリン
craft project,手芸プロジェクト、工作,中級,名詞,doing some craft project or something,https://youtu.be/cG1mzF2rc4M,ペトラ 2ndデビュー配信,にじさんじ,ペトラグリン
moving out,引っ越す、退去する,中級,句動詞,are they moving out?,https://youtu.be/cG1mzF2rc4M,ペトラ 2ndデビュー配信,にじさんじ,ペトラグリン
scared,怖い、恐れている,初級,形容詞,"That was, but I'm scared.",https://youtu.be/cG1mzF2rc4M,ペトラ 2ndデビュー配信,にじさんじ,ペトラグリン
another thing,もう一つのこと,初級,フレーズ,"Well, I guess, you know, that's another thing I'm scared of.",https://youtu.be/cG1mzF2rc4M,ペトラ 2ndデビュー配信,にじさんじ,ペトラグリン
neighbors,隣人,初級,名詞,my upstairs neighbors are like doing some craft project or something,https://youtu.be/cG1mzF2rc4M,ペトラ 2ndデビュー配信,にじさんじ,ペトラグリン
make so much noise,とても大きな音を立てる,初級,フレーズ,"they make so much noise that I'm like, are they moving out?",https://youtu.be/cG1mzF2rc4M,ペトラ 2ndデビュー配信,にじさんじ,ペトラグリン
my upstairs neighbors,私の上の階の住人,中級,名詞,my upstairs neighbors are like doing some craft project or something,https://youtu.be/cG1mzF2rc4M,ペトラ 2ndデビュー配信,にじさんじ,ペトラグリン
packing their stuff up,荷物を詰める,中級,句動詞,Is this the sound of them like packing their stuff up?,https://youtu.be/cG1mzF2rc4M,ペトラ 2ndデビュー配信,にじさんじ,ペトラグリン
I'm cursed,呪われている,中級,慣用句,"I think I'm cursed because my last apartment, the people upstairs had like a band or something.",https://youtu.be/cG1mzF2rc4M,ペトラ 2ndデビュー配信,にじさんじ,ペトラグリン
blast instruments,楽器を大音量で演奏する,上級,フレーズ,I don't think you were supposed to like blast instruments in our apartment.,https://youtu.be/cG1mzF2rc4M,ペトラ 2ndデビュー配信,にじさんじ,ペトラグリン
supposed to,〜することになっている、〜するべきだ,中級,フレーズ,I don't think you were supposed to like blast instruments in our apartment.,https://youtu.be/cG1mzF2rc4M,ペトラ 2ndデビュー配信,にじさんじ,ペトラグリン
general,一般的な、大体の,中級,形容詞,I just heard like general like guitar sounds.,https://youtu.be/cG1mzF2rc4M,ペトラ 2ndデビュー配信,にじさんじ,ペトラグリン
For a while,しばらくの間,中級,フレーズ,"That song, for a while, like every single short or real I saw was using this sound.",https://youtu.be/cG1mzF2rc4M,ペトラ 2ndデビュー配信,にじさんじ,ペトラグリン
I swear to God,誓って言うけど、マジで,上級,慣用句,"And I was like, I swear to God, if I hear this Cupid song one more time...",https://youtu.be/cG1mzF2rc4M,ペトラ 2ndデビュー配信,にじさんじ,ペトラグリン
last apartment,前のマンション,初級,名詞,"my last apartment, the people upstairs had like a band or something.",https://youtu.be/cG1mzF2rc4M,ペトラ 2ndデビュー配信,にじさんじ,ペトラグリン
band,バンド,初級,名詞,the people upstairs had like a band or something.,https://youtu.be/cG1mzF2rc4M,ペトラ 2ndデビュー配信,にじさんじ,ペトラグリン
instruments,楽器,中級,名詞,blast instruments in our apartment.,https://youtu.be/cG1mzF2rc4M,ペトラ 2ndデビュー配信,にじさんじ,ペトラグリン
guitar sounds,ギターの音,中級,名詞,I just heard like general like guitar sounds.,https://youtu.be/cG1mzF2rc4M,ペトラ 2ndデビュー配信,にじさんじ,ペトラグリン
one time,一度、ある時,初級,フレーズ,But there was one time...,https://youtu.be/cG1mzF2rc4M,ペトラ 2ndデビュー配信,にじさんじ,ペトラグリン
I'm crying in my room,部屋で泣いている,初級,フレーズ,Now I'm crying in my room.,https://youtu.be/cG1mzF2rc4M,ペトラ 2ndデビュー配信,にじさんじ,ペトラグリン
getting really annoyed,本当にイライラしてきた,中級,フレーズ,but I just heard it so much I was getting really annoyed.,https://youtu.be/cG1mzF2rc4M,ペトラ 2ndデビュー配信,にじさんじ,ペトラグリン
I'm so done,もううんざりだ、もう十分だ,中級,慣用句,"I was like, if I hear the song one more time, like I'm so done.",https://youtu.be/cG1mzF2rc4M,ペトラ 2ndデビュー配信,にじさんじ,ペトラグリン
skip the video,動画をスキップする,中級,フレーズ,"oh my God, I can't even like skip the video.",https://youtu.be/cG1mzF2rc4M,ペトラ 2ndデビュー配信,にじさんじ,ペトラグリン
cursed,呪われた、ひどい,中級,形容詞,So cursed.,https://youtu.be/cG1mzF2rc4M,ペトラ 2ndデビュー配信,にじさんじ,ペトラグリン
familiar,聞き覚えのある、見慣れた,中級,形容詞,why does this sound so familiar?,https://youtu.be/cG1mzF2rc4M,ペトラ 2ndデビュー配信,にじさんじ,ペトラグリン
bang the ceiling with a broom,ほうきで天井を叩く,中級,フレーズ,"Yeah, you can skip the video if you bang the ceiling with a broom.",https://youtu.be/cG1mzF2rc4M,ペトラ 2ndデビュー配信,にじさんじ,ペトラグリン
brave enough,十分に勇敢な,中級,フレーズ,I was not brave enough to do that.,https://youtu.be/cG1mzF2rc4M,ペトラ 2ndデビュー配信,にじさんじ,ペトラグリン
worst nightmare,最悪の悪夢,中級,慣用句,It's like my worst nightmare.,https://youtu.be/cG1mzF2rc4M,ペトラ 2ndデビュー配信,にじさんじ,ペトラグリン
cute,かわいい,初級,形容詞,"Like the song itself is cute, but I just heard it so much I was getting really annoyed.",https://youtu.be/cG1mzF2rc4M,ペトラ 2ndデビュー配信,にじさんじ,ペトラグリン
playing that song,その曲を演奏している,初級,フレーズ,And then the band upstairs was playing that song.,https://youtu.be/cG1mzF2rc4M,ペトラ 2ndデビュー配信,にじさんじ,ペトラグリン
coming from,〜から来る,初級,句動詞,Like it's literally just coming from upstairs.,https://youtu.be/cG1mzF2rc4M,ペトラ 2ndデビュー配信,にじさんじ,ペトラグリン
sound so familiar,とても聞き覚えがある,中級,フレーズ,why does this sound so familiar?,https://youtu.be/cG1mzF2rc4M,ペトラ 2ndデビュー配信,にじさんじ,ペトラグリン
Who knows?,誰にもわからない,初級,慣用句,Who knows?,https://youtu.be/cG1mzF2rc4M,ペトラ 2ndデビュー配信,にじさんじ,ペトラグリン
famous,有名な,初級,形容詞,Maybe they're famous.,https://youtu.be/cG1mzF2rc4M,ペトラ 2ndデビュー配信,にじさんじ,ペトラグリン
absolutely unrelated question,全く関係ない質問,上級,フレーズ,"Petra, absolutely unrelated question.",https://youtu.be/cG1mzF2rc4M,ペトラ 2ndデビュー配信,にじさんじ,ペトラグリン
follow me on Twitter,Twitterでフォローする,中級,フレーズ,"If you follow me on Twitter, you probably already know because that's like...",https://youtu.be/cG1mzF2rc4M,ペトラ 2ndデビュー配信,にじさんじ,ペトラグリン
fandoms,ファン層、ファンコミュニティ,中級,名詞,"Being like my top three fandoms right now, actually, I...",https://youtu.be/cG1mzF2rc4M,ペトラ 2ndデビュー配信,にじさんじ,ペトラグリン
thought about making one,一つ作ることを考えた,中級,フレーズ,I actually have thought about making one.,https://youtu.be/cG1mzF2rc4M,ペトラ 2ndデビュー配信,にじさんじ,ペトラグリン
mint bluish,ミントがかった青色の,上級,形容詞,and then like mint bluish ribbon on the right.,https://youtu.be/cG1mzF2rc4M,ペトラ 2ndデビュー配信,にじさんじ,ペトラグリン
watched,〜を観た,初級,動詞,But have you watched Alien Stage?,https://youtu.be/cG1mzF2rc4M,ペトラ 2ndデビュー配信,にじさんじ,ペトラグリン
probably already know,おそらくもう知っている,初級,フレーズ,you probably already know because that's like...,https://youtu.be/cG1mzF2rc4M,ペトラ 2ndデビュー配信,にじさんじ,ペトラグリン
Imagine having,〜を持っていることを想像して,初級,フレーズ,Imagine having a Misesua Ita bag.,https://youtu.be/cG1mzF2rc4M,ペトラ 2ndデビュー配信,にじさんじ,ペトラグリン
ribbon,リボン,初級,名詞,like pink ribbon on the left,https://youtu.be/cG1mzF2rc4M,ペトラ 2ndデビュー配信,にじさんじ,ペトラグリン
absolutely unrelated,全く関係ない,上級,形容詞,"Petra, absolutely unrelated question.",https://youtu.be/cG1mzF2rc4M,ペトラ 2ndデビュー配信,にじさんじ,ペトラグリン
thought about making,作ることを考えた,中級,フレーズ,I actually have thought about making one.,https://youtu.be/cG1mzF2rc4M,ペトラ 2ndデビュー配信,にじさんじ,ペトラグリン
shrine,祭壇、聖地,中級,名詞,I have like a little shrine of Alien Stage.,https://youtu.be/cG1mzF2rc4M,ペトラ 2ndデビュー配信,にじさんじ,ペトラグリン
box set,ボックスセット,中級,名詞,I've bought like the box set of all six of them,https://youtu.be/cG1mzF2rc4M,ペトラ 2ndデビュー配信,にじさんじ,ペトラグリン
pay me back,私にお金を返す,中級,句動詞,"Like they pay me back, you know, we have a deal.",https://youtu.be/cG1mzF2rc4M,ペトラ 2ndデビュー配信,にじさんじ,ペトラグリン
have a deal,合意している、取り決めがある,中級,慣用句,"Like they pay me back, you know, we have a deal.",https://youtu.be/cG1mzF2rc4M,ペトラ 2ndデビュー配信,にじさんじ,ペトラグリン
merch,グッズ（merchandiseの略）,中級,名詞,"If I'm gonna have merch, you know...",https://youtu.be/cG1mzF2rc4M,ペトラ 2ndデビュー配信,にじさんじ,ペトラグリン
debuted,デビューした,中級,動詞,"That's another thing is since I debuted, I realized I really like girls.",https://youtu.be/cG1mzF2rc4M,ペトラ 2ndデビュー配信,にじさんじ,ペトラグリン
mostly,たいてい、ほとんど,初級,副詞,It's mostly...,https://youtu.be/cG1mzF2rc4M,ペトラ 2ndデビュー配信,にじさんじ,ペトラグリン
take the rest,残りを持っていく,初級,フレーズ,"Like, yeah, take the rest.",https://youtu.be/cG1mzF2rc4M,ペトラ 2ndデビュー配信,にじさんじ,ペトラグリン
characters,登場人物、キャラクター,初級,名詞,"I like the characters, but...",https://youtu.be/cG1mzF2rc4M,ペトラ 2ndデビュー配信,にじさんじ,ペトラグリン
realized,気づいた,初級,動詞,"since I debuted, I realized I really like girls.",https://youtu.be/cG1mzF2rc4M,ペトラ 2ndデビュー配信,にじさんじ,ペトラグリン
favorite characters,好きなキャラクター,初級,名詞,"My favorite characters from a lot of shows have always been girls,",https://youtu.be/cG1mzF2rc4M,ペトラ 2ndデビュー配信,にじさんじ,ペトラグリン
didn't realize,気づかなかった,初級,フレーズ,but I didn't realize like how much...,https://youtu.be/cG1mzF2rc4M,ペトラ 2ndデビュー配信,にじさんじ,ペトラグリン
did not realize,気づかなかった,初級,フレーズ,but I didn't realize like how much...,https://youtu.be/cG1mzF2rc4M,ペトラ 2ndデビュー配信,にじさんじ,ペトラグリン
awakening,覚醒、目覚め,上級,名詞,I had a... Kind of had an awakening.,https://youtu.be/cG1mzF2rc4M,ペトラ 2ndデビュー配信,にじさんじ,ペトラグリン
forget the correct title,正しいタイトルを忘れる,中級,フレーズ,I always forget the correct title.,https://youtu.be/cG1mzF2rc4M,ペトラ 2ndデビュー配信,にじさんじ,ペトラグリン
secret route,隠しルート,上級,名詞,Sometimes they have like... A little like secret girl route.,https://youtu.be/cG1mzF2rc4M,ペトラ 2ndデビュー配信,にじさんじ,ペトラグリン
cop out,言い訳をして逃げる、ごまかす,上級,句動詞,They sometimes like... Do the whole cop out where it says like...,https://youtu.be/cG1mzF2rc4M,ペトラ 2ndデビュー配信,にじさんじ,ペトラグリン
best friend route,親友ルート,中級,名詞,And then it's like some weird best friend route.,https://youtu.be/cG1mzF2rc4M,ペトラ 2ndデビュー配信,にじさんじ,ペトラグリン
main character,主人公,初級,名詞,The girl is the main character and then there's like...,https://youtu.be/cG1mzF2rc4M,ペトラ 2ndデビュー配信,にじさんじ,ペトラグリン
best friend,親友,初級,名詞,And you're my best friend.,https://youtu.be/cG1mzF2rc4M,ペトラ 2ndデビュー配信,にじさんじ,ペトラグリン
date girls,女の子とデートする,初級,フレーズ,You can date girls and I was like...,https://youtu.be/cG1mzF2rc4M,ペトラ 2ndデビュー配信,にじさんじ,ペトラグリン
never realized,一度も気づかなかった,初級,フレーズ,I just never realized.,https://youtu.be/cG1mzF2rc4M,ペトラ 2ndデビュー配信,にじさんじ,ペトラグリン
caught up,追いついている、最新情報に詳しい,中級,句動詞,I'm not caught up at all at this point.,https://youtu.be/cG1mzF2rc4M,ペトラ 2ndデビュー配信,にじさんじ,ペトラグリン
at this point,現時点では,中級,フレーズ,I'm not caught up at all at this point.,https://youtu.be/cG1mzF2rc4M,ペトラ 2ndデビュー配信,にじさんじ,ペトラグリン
following it for quite a while,かなり長い間それを追っている,中級,フレーズ,But I was following it for quite a while.,https://youtu.be/cG1mzF2rc4M,ペトラ 2ndデビュー配信,にじさんじ,ペトラグリン
get into it,それにハマる、熱中する,中級,句動詞,I really wanna get into it.,https://youtu.be/cG1mzF2rc4M,ペトラ 2ndデビュー配信,にじさんじ,ペトラグリン
so lazy when it comes to reading manga,漫画を読むことに関してはとても怠惰だ,中級,フレーズ,I'm so lazy when it comes to reading manga.,https://youtu.be/cG1mzF2rc4M,ペトラ 2ndデビュー配信,にじさんじ,ペトラグリン
reading manga,漫画を読むこと,中級,名詞,I'm so lazy when it comes to reading manga.,https://youtu.be/cG1mzF2rc4M,ペトラ 2ndデビュー配信,にじさんじ,ペトラグリン
Graphic design,グラフィックデザイン,中級,名詞,Graphic design.,https://youtu.be/cG1mzF2rc4M,ペトラ 2ndデビュー配信,にじさんじ,ペトラグリン
actual manga,実際の漫画,中級,名詞,"The actual manga is just black and white,",https://youtu.be/cG1mzF2rc4M,ペトラ 2ndデビュー配信,にじさんじ,ペトラグリン
black and white,白黒の,中級,形容詞,"The actual manga is just black and white,",https://youtu.be/cG1mzF2rc4M,ペトラ 2ndデビュー配信,にじさんじ,ペトラグリン
distinct shade,はっきりした色合い,上級,名詞,It's like a really distinct shade of green as well.,https://youtu.be/cG1mzF2rc4M,ペトラ 2ndデビュー配信,にじさんじ,ペトラグリン
passion,情熱,中級,名詞,graphic design is my passion.,https://youtu.be/cG1mzF2rc4M,ペトラ 2ndデビュー配信,にじさんじ,ペトラグリン
low-key,控えめに言って、さりげなく,上級,副詞,"But I feel like low-key, I kind of cooked.",https://youtu.be/cG1mzF2rc4M,ペトラ 2ndデビュー配信,にじさんじ,ペトラグリン
cooked,（俗語で）すごいことをやった、成功した,上級,動詞,"But I feel like low-key, I kind of cooked.",https://youtu.be/cG1mzF2rc4M,ペトラ 2ndデビュー配信,にじさんじ,ペトラグリン
Focus,集中する,初級,動詞,Focus.,https://youtu.be/cG1mzF2rc4M,ペトラ 2ndデビュー配信,にじさんじ,ペトラグリン
Interest,興味,初級,名詞,Interest.,https://youtu.be/cG1mzF2rc4M,ペトラ 2ndデビュー配信,にじさんじ,ペトラグリン
Singing,歌うこと,初級,名詞,Singing.,https://youtu.be/cG1mzF2rc4M,ペトラ 2ndデビュー配信,にじさんじ,ペトラグリン
That's right,その通り、そうだ,初級,慣用句,"Yeah, that's right.",https://youtu.be/cG1mzF2rc4M,ペトラ 2ndデビュー配信,にじさんじ,ペトラグリン
background,背景,初級,名詞,I made this background.,https://youtu.be/cG1mzF2rc4M,ペトラ 2ndデビュー配信,にじさんじ,ペトラグリン
slides,スライド,初級,名詞,I made these slides.,https://youtu.be/cG1mzF2rc4M,ペトラ 2ndデビュー配信,にじさんじ,ペトラグリン
own work,自分の作品,中級,名詞,all of the material that's on the screen right now is my own work.,https://youtu.be/cG1mzF2rc4M,ペトラ 2ndデビュー配信,にじさんじ,ペトラグリン
debut stream,デビュー配信,中級,名詞,I made this for my debut stream about four years ago.,https://youtu.be/cG1mzF2rc4M,ペトラ 2ndデビュー配信,にじさんじ,ペトラグリン
more powerful,もっと力強い,中級,フレーズ,I think you could be even more powerful now.,https://youtu.be/cG1mzF2rc4M,ペトラ 2ndデビュー配信,にじさんじ,ペトラグリン
thumbnail,サムネイル,中級,名詞,Today's thumbnail is so cute.,https://youtu.be/cG1mzF2rc4M,ペトラ 2ndデビュー配信,にじさんじ,ペトラグリン
kind of rushed,急いで作った,中級,フレーズ,That one was kind of rushed.,https://youtu.be/cG1mzF2rc4M,ペトラ 2ndデビュー配信,にじさんじ,ペトラグリン
show up,現れる、姿を見せる,中級,句動詞,"I shouldn't just, like, show up the night before.",https://youtu.be/cG1mzF2rc4M,ペトラ 2ndデビュー配信,にじさんじ,ペトラグリン
in advance,事前に、前もって,中級,慣用句,I should at least do it a little bit more in advance.,https://youtu.be/cG1mzF2rc4M,ペトラ 2ndデビュー配信,にじさんじ,ペトラグリン
Collab with,〜とコラボする,中級,句動詞,Collab with every single Nijisanji member.,https://youtu.be/cG1mzF2rc4M,ペトラ 2ndデビュー配信,にじさんじ,ペトラグリン
Who do you think you are?,お前は何様のつもりだ？,上級,慣用句,Who do you think you are?,https://youtu.be/cG1mzF2rc4M,ペトラ 2ndデビュー配信,にじさんじ,ペトラグリン
Organize group song covers,グループでの歌ってみたを企画する,中級,フレーズ,Organize group song covers across Nijisanji.,https://youtu.be/cG1mzF2rc4M,ペトラ 2ndデビュー配信,にじさんじ,ペトラグリン
confess,告白する,中級,動詞,"I have, I have something really sad to confess.",https://youtu.be/cG1mzF2rc4M,ペトラ 2ndデビュー配信,にじさんじ,ペトラグリン
release covers,歌ってみたを公開する,中級,フレーズ,"in order to release covers, you have to record.",https://youtu.be/cG1mzF2rc4M,ペトラ 2ndデビュー配信,にじさんじ,ペトラグリン
in order to,〜するために,中級,フレーズ,"in order to release covers, you have to record.",https://youtu.be/cG1mzF2rc4M,ペトラ 2ndデビュー配信,にじさんじ,ペトラグリン
stupid,ばかな、愚かな,初級,形容詞,You're stupid.,https://youtu.be/cG1mzF2rc4M,ペトラ 2ndデビュー配信,にじさんじ,ペトラグリン
record,録音する,初級,動詞,you have to record.,https://youtu.be/cG1mzF2rc4M,ペトラ 2ndデビュー配信,にじさんじ,ペトラグリン
working on stuff,色々なことをしている、作業している,中級,フレーズ,"But I am working on stuff, I promise.",https://youtu.be/cG1mzF2rc4M,ペトラ 2ndデビュー配信,にじさんじ,ペトラグリン
partially why,それが部分的な理由で,中級,フレーズ,What are the partially why I slept at 7am last night?,https://youtu.be/cG1mzF2rc4M,ペトラ 2ndデビュー配信,にじさんじ,ペトラグリン
I've been cooking,（俗語で）何か素晴らしいものを準備している,上級,慣用句,So I hope you're excited because I've been cooking.,https://youtu.be/cG1mzF2rc4M,ペトラ 2ndデビュー配信,にじさんじ,ペトラグリン
completely my bad,完全に私のせいだ,上級,慣用句,And this is completely my bad.,https://youtu.be/cG1mzF2rc4M,ペトラ 2ndデビュー配信,にじさんじ,ペトラグリン
can't get shit done,（俗語で）何も終わらせられない,上級,慣用句,"Because I, because I can't get shit done.",https://youtu.be/cG1mzF2rc4M,ペトラ 2ndデビュー配信,にじさんじ,ペトラグリン
making it happen,それを実現させる,中級,フレーズ,"But this time, this time we're making it happen.",https://youtu.be/cG1mzF2rc4M,ペトラ 2ndデビュー配信,にじさんじ,ペトラグリン
sitting the fuck down,（俗語で）きっちり座る、真剣に取り組む,上級,慣用句,"This time I am, I'm sitting the fuck down, locking the fuck in.",https://youtu.be/cG1mzF2rc4M,ペトラ 2ndデビュー配信,にじさんじ,ペトラグリン
locking the fuck in,（俗語で）集中して取り組む、本腰を入れる,上級,慣用句,"I'm sitting the fuck down, locking the fuck in.",https://youtu.be/cG1mzF2rc4M,ペトラ 2ndデビュー配信,にじさんじ,ペトラグリン
terrible,ひどい、最悪の,初級,形容詞,"It's terrible, I know, guys.",https://youtu.be/cG1mzF2rc4M,ペトラ 2ndデビュー配信,にじさんじ,ペトラグリン
awful,ひどい、恐ろしい,初級,形容詞,It's so awful.,https://youtu.be/cG1mzF2rc4M,ペトラ 2ndデビュー配信,にじさんじ,ペトラグリン
promise,約束する,初級,動詞,"But I am working on stuff, I promise.",https://youtu.be/cG1mzF2rc4M,ペトラ 2ndデビュー配信,にじさんじ,ペトラグリン
excited,わくわくしている、興奮している,初級,形容詞,So I hope you're excited because I've been cooking.,https://youtu.be/cG1mzF2rc4M,ペトラ 2ndデビュー配信,にじさんじ,ペトラグリン
working on this for over three years,これに3年以上取り組んでいる,初級,フレーズ,We've been working on this for over three years.,https://youtu.be/cG1mzF2rc4M,ペトラ 2ndデビュー配信,にじさんじ,ペトラグリン
get this done,これを終わらせる,中級,フレーズ,"And we're gonna get this done, because...",https://youtu.be/cG1mzF2rc4M,ペトラ 2ndデビュー配信,にじさんじ,ペトラグリン
look forward to,〜を楽しみにする,中級,句動詞,but hope you look forward to it.,https://youtu.be/cG1mzF2rc4M,ペトラ 2ndデビュー配信,にじさんじ,ペトラグリン
collab,コラボ、共同作業,中級,名詞,I can't wait to collab with you.,https://youtu.be/cG1mzF2rc4M,ペトラ 2ndデビュー配信,にじさんじ,ペトラグリン
kohai,後輩,上級,名詞,"Hi, new kohai.",https://youtu.be/cG1mzF2rc4M,ペトラ 2ndデビュー配信,にじさんじ,ペトラグリン
distinct voice,独特の声,上級,フレーズ,"Wow, you have such a distinct voice.",https://youtu.be/cG1mzF2rc4M,ペトラ 2ndデビュー配信,にじさんじ,ペトラグリン
something else happens,何か別のことが起こる,初級,フレーズ,"Every time I'm like, I wanna work on this, something else happens.",https://youtu.be/cG1mzF2rc4M,ペトラ 2ndデビュー配信,にじさんじ,ペトラグリン
trying to order,〜を注文しようとしている,初級,フレーズ,I really like that video of you trying to order McDonald's or something.,https://youtu.be/cG1mzF2rc4M,ペトラ 2ndデビュー配信,にじさんじ,ペトラグリン
Is it okay if I call you,〜と呼んでもいいですか？,初級,フレーズ,Is it okay if I call you Yu-senpai?,https://youtu.be/cG1mzF2rc4M,ペトラ 2ndデビュー配信,にじさんじ,ペトラグリン
lagging,ラグっている、遅延している,中級,動詞,Is it lagging in here?,https://youtu.be/cG1mzF2rc4M,ペトラ 2ndデビュー配信,にじさんじ,ペトラグリン
getting nervous,緊張してきた,中級,フレーズ,I'm getting nervous.,https://youtu.be/cG1mzF2rc4M,ペトラ 2ndデビュー配信,にじさんじ,ペトラグリン
So funny,とても面白い,初級,フレーズ,So funny.,https://youtu.be/cG1mzF2rc4M,ペトラ 2ndデビュー配信,にじさんじ,ペトラグリン
hit my mic,マイクにぶつかる,初級,フレーズ,"Oh, sorry, I hit my mic.",https://youtu.be/cG1mzF2rc4M,ペトラ 2ndデビュー配信,にじさんじ,ペトラグリン
thankful,感謝している,初級,形容詞,I'm really thankful that my senpai is watching this.,https://youtu.be/cG1mzF2rc4M,ペトラ 2ndデビュー配信,にじさんじ,ペトラグリン
really thankful,本当に感謝している,初級,フレーズ,I'm really thankful that my senpai is watching this.,https://youtu.be/cG1mzF2rc4M,ペトラ 2ndデビュー配信,にじさんじ,ペトラグリン
shrink back,縮む、身を引く,中級,句動詞,You should shrink back to 142 to reduce the lag.,https://youtu.be/cG1mzF2rc4M,ペトラ 2ndデビュー配信,にじさんじ,ペトラグリン
reduce the lag,遅延を減らす,中級,フレーズ,You should shrink back to 142 to reduce the lag.,https://youtu.be/cG1mzF2rc4M,ペトラ 2ndデビュー配信,にじさんじ,ペトラグリン
pretending to have,〜を持っているふりをする,中級,フレーズ,I'm at least pretending to have some respect for Wilson.,https://youtu.be/cG1mzF2rc4M,ペトラ 2ndデビュー配信,にじさんじ,ペトラグリン
much respect,多くの尊敬,中級,フレーズ,"I have much, much respect for my senpai.",https://youtu.be/cG1mzF2rc4M,ペトラ 2ndデビュー配信,にじさんじ,ペトラグリン
charming person,魅力的な人,中級,名詞,He's a very charming person.,https://youtu.be/cG1mzF2rc4M,ペトラ 2ndデビュー配信,にじさんじ,ペトラグリン
competing with,〜と競争している,中級,句動詞,"Honestly, guys, he's competing with me.",https://youtu.be/cG1mzF2rc4M,ペトラ 2ndデビュー配信,にじさんじ,ペトラグリン
feel competition,競争心を感じる,中級,フレーズ,"Like, I feel competition because I was the one at the bottom of the food chain...",https://youtu.be/cG1mzF2rc4M,ペトラ 2ndデビュー配信,にじさんじ,ペトラグリン
bottom of the food chain,食物連鎖の最下層、一番下の立場,上級,慣用句,because I was the one at the bottom of the food chain...,https://youtu.be/cG1mzF2rc4M,ペトラ 2ndデビュー配信,にじさんじ,ペトラグリン
pointing and laughing at,〜を指さして笑う,中級,フレーズ,That everyone was like pointing and laughing at.,https://youtu.be/cG1mzF2rc4M,ペトラ 2ndデビュー配信,にじさんじ,ペトラグリン
challenging that role,その役割に異議を唱える、挑戦する,中級,フレーズ,He's challenging that role.,https://youtu.be/cG1mzF2rc4M,ペトラ 2ndデビュー配信,にじさんじ,ペトラグリン
respect,尊敬,初級,名詞,"I have much, much respect for my senpai.",https://youtu.be/cG1mzF2rc4M,ペトラ 2ndデビュー配信,にじさんじ,ペトラグリン
Mark my words,私の言葉を覚えておけ、よく聞いておけ,上級,慣用句,Mark my words.,https://youtu.be/cG1mzF2rc4M,ペトラ 2ndデビュー配信,にじさんじ,ペトラグリン
vocal lessons,ボーカルレッスン,中級,名詞,I'm gonna start going to vocal lessons.,https://youtu.be/cG1mzF2rc4M,ペトラ 2ndデビュー配信,にじさんじ,ペトラグリン
control my voice,声をコントロールする,中級,フレーズ,I really cannot control my voice.,https://youtu.be/cG1mzF2rc4M,ペトラ 2ndデビュー配信,にじさんじ,ペトラグリン
improved singing,歌唱力が向上した,中級,フレーズ,I think I've improved singing.,https://youtu.be/cG1mzF2rc4M,ペトラ 2ndデビュー配信,にじさんじ,ペトラグリン
sound like ass,（俗語で）ひどい音を出す、最悪な歌声だ,上級,慣用句,I used to sound like ass when I sang.,https://youtu.be/cG1mzF2rc4M,ペトラ 2ndデビュー配信,にじさんじ,ペトラグリン
suited for,〜に適している,中級,形容詞,my voice is not suited for ever singing.,https://youtu.be/cG1mzF2rc4M,ペトラ 2ndデビュー配信,にじさんじ,ペトラグリン
come a long way,大きな進歩を遂げる、長い道のりを経る,上級,慣用句,And I think I've come a long way from there.,https://youtu.be/cG1mzF2rc4M,ペトラ 2ndデビュー配信,にじさんじ,ペトラグリン
able to participate in,〜に参加できる,中級,フレーズ,I was able to participate in a song that I was able,https://youtu.be/cG1mzF2rc4M,ペトラ 2ndデビュー配信,にじさんじ,ペトラグリン
rhythm game,リズムゲーム,中級,名詞,It's gonna be in a rhythm game.,https://youtu.be/cG1mzF2rc4M,ペトラ 2ndデビュー配信,にじさんじ,ペトラグリン
not good at singing,歌が下手だ,初級,フレーズ,"Hey, I was really not good at singing.",https://youtu.be/cG1mzF2rc4M,ペトラ 2ndデビュー配信,にじさんじ,ペトラグリン
sing really good,とても上手に歌う,初級,フレーズ,You sing really good though.,https://youtu.be/cG1mzF2rc4M,ペトラ 2ndデビュー配信,にじさんじ,ペトラグリン
can't believe this is real,これが現実だなんて信じられない,初級,フレーズ,"By the way, guys, I can't believe this is real.",https://youtu.be/cG1mzF2rc4M,ペトラ 2ndデビュー配信,にじさんじ,ペトラグリン
during my break,休暇中に,初級,フレーズ,Another thing I did during my break is I was able to participate in a song that I was able,https://youtu.be/cG1mzF2rc4M,ペトラ 2ndデビュー配信,にじさんじ,ペトラグリン
wrote,書いた,初級,動詞,for a song that the great Kamiri Asan wrote.,https://youtu.be/cG1mzF2rc4M,ペトラ 2ndデビュー配信,にじさんじ,ペトラグリン
keep it vague,漠然とさせる、あいまいにしておく,上級,慣用句,"I'm just gonna keep it vague, but...",https://youtu.be/cG1mzF2rc4M,ペトラ 2ndデビュー配信,にじさんじ,ペトラグリン
one day,いつか,初級,フレーズ,"Yeah, maybe one day everyone can hear the song.",https://youtu.be/cG1mzF2rc4M,ペトラ 2ndデビュー配信,にじさんじ,ペトラグリン
beautiful,美しい,初級,形容詞,It's so beautiful.,https://youtu.be/cG1mzF2rc4M,ペトラ 2ndデビュー配信,にじさんじ,ペトラグリン
crazy,すごい、めちゃくちゃな,中級,形容詞,It's crazy.,https://youtu.be/cG1mzF2rc4M,ペトラ 2ndデビュー配信,にじさんじ,ペトラグリン
learn how to control,〜をコントロールする方法を学ぶ,中級,フレーズ,I wanna actually learn how to control my voice because right now I cannot.,https://youtu.be/cG1mzF2rc4M,ペトラ 2ndデビュー配信,にじさんじ,ペトラグリン
retake,撮り直す、録り直す,中級,動詞,I just retake until the gacha...,https://youtu.be/cG1mzF2rc4M,ペトラ 2ndデビュー配信,にじさんじ,ペトラグリン
gacha,ガチャ（ランダム要素、運任せ）,上級,名詞,It's literally a gacha for me because I have no control.,https://youtu.be/cG1mzF2rc4M,ペトラ 2ndデビュー配信,にじさんじ,ペトラグリン
happens to sing,たまたま歌うことになる,中級,フレーズ,Until my voice happens to sing it the right way that I like.,https://youtu.be/cG1mzF2rc4M,ペトラ 2ndデビュー配信,にじさんじ,ペトラグリン
get the take,良いテイク（録音）を撮る,中級,フレーズ,until I get the take that I like.,https://youtu.be/cG1mzF2rc4M,ペトラ 2ndデビュー配信,にじさんじ,ペトラグリン
just because,〜というだけの理由で,中級,フレーズ,And it's literally just because I don't have control.,https://youtu.be/cG1mzF2rc4M,ペトラ 2ndデビュー配信,にじさんじ,ペトラグリン
no control,制御不能,中級,フレーズ,because I have no control.,https://youtu.be/cG1mzF2rc4M,ペトラ 2ndデビュー配信,にじさんじ,ペトラグリン
vibrato,ビブラート,上級,名詞,"Like vibrato, I don't know how to control it.",https://youtu.be/cG1mzF2rc4M,ペトラ 2ndデビュー配信,にじさんじ,ペトラグリン
same line,同じフレーズ,初級,名詞,And sometimes I have to sing the same line like 200 times until I get the take that I like.,https://youtu.be/cG1mzF2rc4M,ペトラ 2ndデビュー配信,にじさんじ,ペトラグリン
understand why,なぜ〜か理解する,初級,フレーズ,I now understand why you don't like recording.,https://youtu.be/cG1mzF2rc4M,ペトラ 2ndデビュー配信,にじさんじ,ペトラグリン
control it,それを制御する,初級,フレーズ,I don't know how to control it.,https://youtu.be/cG1mzF2rc4M,ペトラ 2ndデビュー配信,にじさんじ,ペトラグリン
a tiny bit,ほんの少し,中級,フレーズ,"I started being able to control it like a tiny bit,",https://youtu.be/cG1mzF2rc4M,ペトラ 2ndデビュー配信,にじさんじ,ペトラグリン
auditioned for,〜のオーディションを受けた,中級,句動詞,"When, you know, when I auditioned for Niji, there was no...",https://youtu.be/cG1mzF2rc4M,ペトラ 2ndデビュー配信,にじさんじ,ペトラグリン
nowadays,最近は、近頃は,中級,副詞,"You know, nowadays, like, you can probably, you know...",https://youtu.be/cG1mzF2rc4M,ペトラ 2ndデビュー配信,にじさんじ,ペトラグリン
expect to,〜すると予想する、期待する,中級,フレーズ,but you can expect to maybe have 3D when you join.,https://youtu.be/cG1mzF2rc4M,ペトラ 2ndデビュー配信,にじさんじ,ペトラグリン
Back in my day,私の若い頃は、昔は,上級,慣用句,Back in my day...,https://youtu.be/cG1mzF2rc4M,ペトラ 2ndデビュー配信,にじさんじ,ペトラグリン
debut,デビュー,中級,名詞,New debut.,https://youtu.be/cG1mzF2rc4M,ペトラ 2ndデビュー配信,にじさんじ,ペトラグリン
interview,面接,中級,名詞,just one interview.,https://youtu.be/cG1mzF2rc4M,ペトラ 2ndデビュー配信,にじさんじ,ペトラグリン
welcome on,（チームなどに）歓迎する,中級,句動詞,"And they were like, welcome on.",https://youtu.be/cG1mzF2rc4M,ペトラ 2ndデビュー配信,にじさんじ,ペトラグリン
auditioned yesterday,昨日オーディションを受けた,初級,フレーズ,"Actually, guys, I auditioned yesterday and just joined today.",https://youtu.be/cG1mzF2rc4M,ペトラ 2ndデビュー配信,にじさんじ,ペトラグリン
joined today,今日入った,初級,フレーズ,"Actually, guys, I auditioned yesterday and just joined today.",https://youtu.be/cG1mzF2rc4M,ペトラ 2ndデビュー配信,にじさんじ,ペトラグリン
one interview,一つの面接,初級,名詞,just one interview.,https://youtu.be/cG1mzF2rc4M,ペトラ 2ndデビュー配信,にじさんじ,ペトラグリン
home 3D,自宅用3Dモデル,上級,名詞,"I have like the home 3D and everything now, but...",https://youtu.be/cG1mzF2rc4M,ペトラ 2ndデビュー配信,にじさんじ,ペトラグリン
debuted with,〜でデビューした,中級,句動詞,"Yes, I debuted with 3D.",https://youtu.be/cG1mzF2rc4M,ペトラ 2ndデビュー配信,にじさんじ,ペトラグリン
talk on stream,配信で話す,中級,フレーズ,when I talk on stream and I'm always shaking my legs.,https://youtu.be/cG1mzF2rc4M,ペトラ 2ndデビュー配信,にじさんじ,ペトラグリン
shaking my legs,貧乏ゆすりをする,中級,フレーズ,I'm always shaking my legs.,https://youtu.be/cG1mzF2rc4M,ペトラ 2ndデビュー配信,にじさんじ,ペトラグリン
3D model,3Dモデル,中級,名詞,"So my 3D model, when I'm on using it, it's like bouncing.",https://youtu.be/cG1mzF2rc4M,ペトラ 2ndデビュー配信,にじさんじ,ペトラグリン
bouncing,ぴょんぴょん跳ねる、揺れる,中級,動詞,it's like bouncing.,https://youtu.be/cG1mzF2rc4M,ペトラ 2ndデビュー配信,にじさんじ,ペトラグリン
exposed,さらけ出される、露呈する,中級,形容詞,"If I use it, it'll be exposed, so I don't...",https://youtu.be/cG1mzF2rc4M,ペトラ 2ndデビュー配信,にじさんじ,ペトラグリン
Shut up,黙れ、うるさい,初級,慣用句,Shut up.,https://youtu.be/cG1mzF2rc4M,ペトラ 2ndデビュー配信,にじさんじ,ペトラグリン
good habit,良い習慣,中級,名詞,It's not a good habit to have.,https://youtu.be/cG1mzF2rc4M,ペトラ 2ndデビュー配信,にじさんじ,ペトラグリン
move my arms,腕を動かす,初級,フレーズ,But I move my arms so much when I talk on stream and I'm always shaking my legs.,https://youtu.be/cG1mzF2rc4M,ペトラ 2ndデビュー配信,にじさんじ,ペトラグリン
looks bad,悪く見える,初級,フレーズ,And I feel like it looks bad.,https://youtu.be/cG1mzF2rc4M,ペトラ 2ndデビュー配信,にじさんじ,ペトラグリン
need to stop,やめる必要がある,初級,フレーズ,I really need to stop.,https://youtu.be/cG1mzF2rc4M,ペトラ 2ndデビュー配信,にじさんじ,ペトラグリン
not a good habit to have,良い習慣ではない,中級,フレーズ,It's not a good habit to have.,https://youtu.be/cG1mzF2rc4M,ペトラ 2ndデビュー配信,にじさんじ,ペトラグリン
Longest debut ever,史上最長のデビュー,中級,フレーズ,Longest debut ever.,https://youtu.be/cG1mzF2rc4M,ペトラ 2ndデビュー配信,にじさんじ,ペトラグリン
almost there,もうすぐだ,初級,慣用句,"I mean, we're almost there.",https://youtu.be/cG1mzF2rc4M,ペトラ 2ndデビュー配信,にじさんじ,ペトラグリン
last slide,最後のスライド,初級,名詞,This was the last slide.,https://youtu.be/cG1mzF2rc4M,ペトラ 2ndデビュー配信,にじさんじ,ペトラグリン
villain,悪役、悪党,中級,単語,映画、アニメ、ゲームなどで悪役キャラクターを指す。ヒーローの対義語。,https://youtu.be/BDAOvFJJDRA,英語圏のアニメミームを日本語で説明するのは無理ゲー,にじさんじ,ペトラグリン
Where did that come from?,それどこから来たの？/ なんで急にその話になったの？,中級,慣用句,物理的な出所だけでなく、唐突な発言やアイデアの元を尋ねる際にも使う。,https://youtu.be/BDAOvFJJDRA,英語圏のアニメミームを日本語で説明するのは無理ゲー,にじさんじ,ペトラグリン
by the way,ところで、ちなみに,中級,慣用句,話題を変えるときや、追加情報を提供する際に使う。カジュアルな表現。,https://youtu.be/BDAOvFJJDRA,英語圏のアニメミームを日本語で説明するのは無理ゲー,にじさんじ,ペトラグリン
humor,ユーモア、笑いのセンス,中級,単語,文化によって笑いのツボや表現方法が異なることを「sense of humor」のように使う。,https://youtu.be/BDAOvFJJDRA,英語圏のアニメミームを日本語で説明するのは無理ゲー,にじさんじ,ペトラグリン
"OK, and?",「で、何？」「だからどうした？」,中級,スラング,相手の話に関心がない、または重要性を感じていないことを示す皮肉な表現。,https://youtu.be/BDAOvFJJDRA,英語圏のアニメミームを日本語で説明するのは無理ゲー,にじさんじ,ペトラグリン
Hold on,ちょっと待って,中級,慣用句,相手に待つように伝えるカジュアルな表現。電話口でもよく使われる。,https://youtu.be/BDAOvFJJDRA,英語圏のアニメミームを日本語で説明するのは無理ゲー,にじさんじ,ペトラグリン
capitalize,大文字にする,中級,単語,,https://youtu.be/BDAOvFJJDRA,英語圏のアニメミームを日本語で説明するのは無理ゲー,にじさんじ,ペトラグリン
